title;rating_x;ratingLevel;release year;user rating score;ageGroup;director;cast;country;date_added;release_year_x;duration;listed_in;imdb_score;imdb_votes;budget;genres;popularity;production_companies;release_date;revenue;runtime_y;type
white chicks;PG-13;crude and sexual humor, language and some drug content;2004;82.0;Teen;;;;;;;;;;37000000;['Comedy'];7.723341;['Columbia Pictures', 'Revolution Studios', 'Wayans Bros. Entertainment', 'Gone North Productions'];2004-06-23;113086475.0;109.0;
lucky number slevin;R;strong violence, sexual content and adult language;2006;;Adult;;;;;;;;;;27000000;['Drama', 'Thriller', 'Crime', 'Mystery'];11.15092;['The Weinstein Company', 'FilmEngine', 'Capitol Films', 'Ascendant Pictures', 'VIP Medienfonds 4', 'The Complex Studio'];2006-02-24;56308881.0;110.0;
grey's anatomy;TV-14;Parents strongly cautioned. May be unsuitable for children ages 14 and under.;2016;98.0;Teen;;Ellen Pompeo, Sandra Oh, Katherine Heigl, Justin Chambers, Patrick Dempsey, Chandra Wilson, T.R. Knight, James Pickens Jr., Isaiah Washington, Sara Ramirez, Eric Dane, Chyler Leigh, Kate Walsh, Kevin McKidd, Jessica Capshaw;United States;;2018.0;15 Seasons;Romantic TV Shows, TV Dramas;7.6;293618.0;;;;;;;;TV Show
prison break;TV-14;Parents strongly cautioned. May be unsuitable for children ages 14 and under.;2008;98.0;Teen;;;;;;;;;;;;;;;;;
how i met your mother;TV-PG;Parental guidance suggested. May not be suitable for all children.;2014;94.0;Parental Guidance;;;;;;;;;;;;;;;;;
supernatural;TV-14;Parents strongly cautioned. May be unsuitable for children ages 14 and under.;2016;95.0;Teen;Phil Sgriccia;Jared Padalecki, Jensen Ackles, Mark Sheppard, Misha Collins, Jim Beaver, Andrea Menard, Samantha Smith, Mark Pellegrino, Alexander Calvert;United States;;2019.0;14 Seasons;Classic & Cult TV, TV Action & Adventure, TV Horror;8.5;428639.0;0;['Mystery', 'Thriller', 'Horror'];1.023885;['Paramount Pictures'];1933-05-12;0.0;65.0;TV Show
breaking bad;TV-MA;For mature audiences.  May not be suitable for children 17 and under.;2013;97.0;Adult;;Bryan Cranston, Aaron Paul, Anna Gunn, Dean Norris, Betsy Brandt, R.J. Mitte, Bob Odenkirk, Steven Michael Quezada, Jonathan Banks, Giancarlo Esposito;United States;;2013.0;5 Seasons;Crime TV Shows, TV Dramas, TV Thrillers;9.5;1727694.0;;;;;;;;TV Show
the vampire diaries;TV-14;Parents strongly cautioned. May be unsuitable for children ages 14 and under.;2017;91.0;Teen;;Nina Dobrev, Paul Wesley, Ian Somerhalder, Steven R. McQueen, Sara Canning, Kat Graham, Candice King, Zach Roerig, Michael Trevino, Matthew Davis, Joseph Morgan;United States;;2017.0;8 Seasons;TV Dramas, TV Mysteries, TV Sci-Fi & Fantasy;7.7;310776.0;;;;;;;;TV Show
the walking dead;TV-MA;For mature audiences.  May not be suitable for children 17 and under.;2015;98.0;Adult;;Andrew Lincoln, Steven Yeun, Norman Reedus, Chandler Riggs, Melissa McBride, Lauren Cohan, Danai Gurira, Alanna Masterson, Sonequa Martin-Green, Josh McDermitt, Christian Serratos, Seth Gilliam, Ross Marquand, Lennie James, Emily Kinney, Jon Bernthal;United States;;2018.0;9 Seasons;Classic & Cult TV, TV Action & Adventure, TV Dramas;8.199999999999998;945125.0;0;['Drama', 'War'];0.620873;['Savoy Pictures', 'Price Entertainment', 'Jackson/McHenry Company,The'];1995-02-24;0.0;88.0;TV Show
the walking dead;TV-MA;For mature audiences.  May not be suitable for children 17 and under.;2015;98.0;Adult;;Andrew Lincoln, Steven Yeun, Norman Reedus, Chandler Riggs, Melissa McBride, Lauren Cohan, Danai Gurira, Alanna Masterson, Sonequa Martin-Green, Josh McDermitt, Christian Serratos, Seth Gilliam, Ross Marquand, Lennie James, Emily Kinney, Jon Bernthal;United States;;2018.0;9 Seasons;Classic & Cult TV, TV Action & Adventure, TV Dramas;8.199999999999998;945125.0;0;['Crime', 'Horror', 'Science Fiction'];1.057723;['Warner Bros.'];1936-03-14;0.0;66.0;TV Show
pretty little liars;TV-14;Parents strongly cautioned. May be unsuitable for children ages 14 and under.;2016;96.0;Teen;;;;;;;;;;;;;;;;;
once upon a time;TV-PG;Parental guidance suggested. May not be suitable for all children.;2016;98.0;Parental Guidance;Mario Van Peebles, Ralph Hemecker, Gwyneth Horder-Payton, Milan Cheylov, Dean White, Michael Waxman, Bryan Spicer;Lana Parrilla, Robert Carlyle, Jared Gilmore, Jennifer Morrison, Ginnifer Goodwin, Josh Dallas, Colin O'Donoghue, Emilie de Ravin;United States;;2018.0;7 Seasons;TV Dramas, TV Sci-Fi & Fantasy;;;0;[];0.204375;[];1922-10-02;0.0;75.0;TV Show
once upon a time;TV-PG;Parental guidance suggested. May not be suitable for all children.;2016;98.0;Parental Guidance;Mario Van Peebles, Ralph Hemecker, Gwyneth Horder-Payton, Milan Cheylov, Dean White, Michael Waxman, Bryan Spicer;Lana Parrilla, Robert Carlyle, Jared Gilmore, Jennifer Morrison, Ginnifer Goodwin, Josh Dallas, Colin O'Donoghue, Emilie de Ravin;United States;;2018.0;7 Seasons;TV Dramas, TV Sci-Fi & Fantasy;;;0;['Adventure', 'Action', 'Comedy', 'Foreign'];0.736211;[];2008-01-31;0.0;110.0;TV Show
sherlock;TV-14;Parents strongly cautioned. May be unsuitable for children ages 14 and under.;2016;95.0;Teen;;Benedict Cumberbatch, Martin Freeman, Una Stubbs, Rupert Graves, Mark Gatiss, Andrew Scott;United Kingdom, United States;;2017.0;4 Seasons;British TV Shows, Crime TV Shows, International TV Shows;;;;;;;;;;TV Show
death note;TV-14;Parents strongly cautioned. May be unsuitable for children ages 14 and under.;2006;77.0;Teen;Adam Wingard;Willem Dafoe, Nat Wolff, Lakeith Stanfield, Margaret Qualley, Shea Whigham, Paul Nakauchi, Jason Liles;United States;August 25, 2017;2017.0;100 min;Horror Movies, Thrillers;9.0;302147.0;20000000;['Fantasy', 'Mystery', 'Thriller'];9.570657;['Warner Bros.'];2006-06-17;27793200.0;126.0;Movie
death note;TV-14;Parents strongly cautioned. May be unsuitable for children ages 14 and under.;2006;77.0;Teen;Adam Wingard;Willem Dafoe, Nat Wolff, Lakeith Stanfield, Margaret Qualley, Shea Whigham, Paul Nakauchi, Jason Liles;United States;August 25, 2017;2017.0;100 min;Horror Movies, Thrillers;4.5;83519.0;20000000;['Fantasy', 'Mystery', 'Thriller'];9.570657;['Warner Bros.'];2006-06-17;27793200.0;126.0;Movie
death note;TV-14;Parents strongly cautioned. May be unsuitable for children ages 14 and under.;2006;77.0;Teen;;Kappei Yamaguchi, Alessandro Juliani, Mamoru Miyano, Brad Swaile, Ai Satou, Saffron Henderson, Akeno Watanabe, Lisa Ann Beley, Aya Hirano, Shannon Chan-Kent, Haruka Kudo, Kelly Metzger, Hideo Ishikawa, Brian Dobson, Hiroki Takahashi, Sam Vincent, Shido Nakamura, Brian Drummond, Naoya Uchida, Chris Britton;Japan;October 15, 2016;2006.0;1 Season;Anime Series, Crime TV Shows, International TV Shows;9.0;302147.0;20000000;['Fantasy', 'Mystery', 'Thriller'];9.570657;['Warner Bros.'];2006-06-17;27793200.0;126.0;TV Show
death note;TV-14;Parents strongly cautioned. May be unsuitable for children ages 14 and under.;2006;77.0;Teen;;Kappei Yamaguchi, Alessandro Juliani, Mamoru Miyano, Brad Swaile, Ai Satou, Saffron Henderson, Akeno Watanabe, Lisa Ann Beley, Aya Hirano, Shannon Chan-Kent, Haruka Kudo, Kelly Metzger, Hideo Ishikawa, Brian Dobson, Hiroki Takahashi, Sam Vincent, Shido Nakamura, Brian Drummond, Naoya Uchida, Chris Britton;Japan;October 15, 2016;2006.0;1 Season;Anime Series, Crime TV Shows, International TV Shows;4.5;83519.0;20000000;['Fantasy', 'Mystery', 'Thriller'];9.570657;['Warner Bros.'];2006-06-17;27793200.0;126.0;TV Show
naruto;TV-PG;Parental guidance suggested. May not be suitable for all children.;2008;88.0;Parental Guidance;Hayato Date;Junko Takeuchi, Chie Nakamura, Noriaki Sugiyama, Kazuhiko Inoue, Toshihiko Seki, Hidekatsu Shibata, Masako Katsuki, Nana Mizuki;Japan;;2008.0;9 Seasons;Anime Series, International TV Shows;8.4;93980.0;;;;;;;;TV Show
the hunter;R;language and brief violence;2011;;Adult;;;;;;;;;;0;['Action', 'Drama', 'Thriller'];5.432879;['Paramount Pictures', 'Rastar Pictures'];1980-08-01;0.0;93.0;
the hunter;R;language and brief violence;2011;;Adult;;;;;;;;;;0;['Drama', 'Thriller', 'Adventure'];10.265386;['Porchlight Films', 'Screen Australia', 'Screen Tasmania', 'Screen NSW', 'Fulcrum Media Finance', 'Madman Entertainment'];2011-10-06;176669.0;102.0;
the hunter;R;language and brief violence;2011;;Adult;;;;;;;;;;0;['Drama', 'Thriller'];0.876263;[];2010-04-08;0.0;90.0;
lottie dottie chicken;TV-Y;Suitable for all ages.;2009;;Kids;;;;;;;;;;;;;;;;;
arrow;TV-14;Parents strongly cautioned. May be unsuitable for children ages 14 and under.;2015;96.0;Teen;James Bamford;Stephen Amell, Katie Cassidy, David Ramsey, Willa Holland, Paul Blackthorne, Emily Bett Rickards, John Barrowman, Colton Haynes, Susanna Thompson, Anna Hopkins, Juliana Harkavy, Adrian Holmes, Kathleen Gati, Echo Kellum, Rick Gonzalez, Dominic Bogart, Manu Bennett;United States;;2019.0;7 Seasons;Crime TV Shows, TV Action & Adventure;7.5;425716.0;;;;;;;;TV Show
black mirror;TV-MA;For mature audiences.  May not be suitable for children 17 and under.;2016;80.0;Adult;;Jesse Plemons, Cristin Milioti, Jimmi Simpson, Rosemarie DeWitt, Douglas Hodge, Andrea Riseborough, Brenna Harding, Owen Teague, Andrew Gower, Kiran Sonia Sawar, Georgina Campbell, Joe Cole, Maxine Peake, Jake Davies, Clint Dyer, Letitia Wright, Babs Olusanmokun, Bryce Dallas Howard, Alice Eve, Michael Kelly, Cherry Jones, Gugu Mbatha-Raw, Mackenzie Davis, Wyatt Russell, Benedict Wong, Kelly Macdonald, Faye Marsay, Madeline Brewer, Hannah John-Kamen, Malachi Kirby, Alex Lawther, Jerome Flynn, James Norton, Rory Kinnear, Lindsay Duncan, Daniel Kaluuya, Jessica Brown Findlay, Rupert Everett, Toby Kebbell, Jodie Whittaker, Hayley Atwell, Domhnall Gleeson, Lenora Crichlow, Michael Smiley, Daniel Rigby, Chloe Pirrie, Jason Flemyng, Jon Hamm, Oona Chaplin, Rafe Spall;United Kingdom;;2019.0;5 Seasons;British TV Shows, International TV Shows, TV Dramas;8.8;515577.0;;;;;;;;TV Show
the originals;TV-14;Parents strongly cautioned. May be unsuitable for children ages 14 and under.;2016;74.0;Teen;;Joseph Morgan, Daniel Gillies, Phoebe Tonkin, Charles Michael Davis, Leah Pipes, Danielle Campbell, Claire Holt, Steven Krueger;United States;;2018.0;5 Seasons;TV Dramas, TV Horror, TV Mysteries;8.3;131574.0;;;;;;;;TV Show
the 100;NR;This movie has not been rated.;2016;97.0;Unrated;;Eliza Taylor, Paige Turco, Bob Morley, Marie Avgeropoulos, Christopher Larkin, Henry Ian Cusick, Isaiah Washington, Lindsey Morgan, Devon Bostick, Richard Harmon, Ricky Whittle, Jarod Joseph, Chelsey Reist, Sachin Sahel, Adina Porter;United States;;2019.0;6 Seasons;TV Action & Adventure, TV Dramas, TV Sci-Fi & Fantasy;7.6;242221.0;;;;;;;;TV Show
masha and the bear;TV-Y;Suitable for all ages.;2013;81.0;Kids;;Alina Kukushkina, Boris Kutnevich, Giselle Nieto, Elsie Fisher;Russia;;2018.0;3 Seasons;Kids' TV;7.6;3114.0;;;;;;;;TV Show
?? pai, ?? - look at this;TV-MA;For mature audiences.  May not be suitable for children 17 and under.;2007;;Adult;;;;;;;;;;;;;;;;;
nymphomaniac: volume 1;NR;This movie has not been rated.;2013;;Unrated;Lars von Trier;Charlotte Gainsbourg, Stellan Skarsg├Ñrd, Stacy Martin, Shia LaBeouf, Christian Slater, Uma Thurman, Sophie Kennedy Clark, Connie Nielsen;Denmark, Germany, Belgium, United Kingdom, France;January 1, 2018;2013.0;117 min;Dramas, Independent Movies, International Movies;;;;;;;;;;Movie
hunter x hunter (2011);NR;This movie has not been rated.;2013;57.0;Unrated;;Megumi Han, Mariya Ise, Keiji Fujiwara, Miyuki Sawashiro, Daisuke Namikawa;Japan;;2013.0;3 Seasons;Anime Series, International TV Shows;;;;;;;;;;TV Show
marvel's luke cage;TV-MA;For mature audiences.  May not be suitable for children 17 and under.;2016;95.0;Adult;;Mike Colter, Alfre Woodard, Rosario Dawson, Simone Missick, Mahershala Ali, Erik LaRay Harvey, Theo Rossi, Frank Whaley, Frankie Faison, Sonia Braga, Ron Cephas Jones;United States;;2018.0;2 Seasons;Crime TV Shows, TV Action & Adventure, TV Dramas;;;;;;;;;;TV Show
marvel's iron fist;TV-MA;For mature audiences.  May not be suitable for children 17 and under.;2017;98.0;Adult;;Finn Jones, Jessica Henwick, David Wenham, Jessica Stroup, Tom Pelphrey;United States;;2018.0;2 Seasons;Crime TV Shows, TV Action & Adventure, TV Dramas;;;;;;;;;;TV Show
narcos;TV-MA;For mature audiences.  May not be suitable for children 17 and under.;2016;94.0;Adult;;Wagner Moura, Pedro Pascal, Boyd Holbrook, Dami├ín Alc├ízar, Alberto Ammann, Francisco Denis, P├¬p├¬ Rapazote, Matias Varela, Michael Stahl-David, Matt Whelan, Arturo Castro, Javier C├ímara, Jos├⌐ Mar├¡a Yazpik, Eric Lange, Brett Cullen, Miguel ├üngel Silvestre, Kerry Bish├⌐, Paulina Gait├ín, Cristina Uma├▒a, Paulina Garc├¡a, Juan Sebasti├ín Calero, Joanna Christie, Taliana Vargas, Andrea Londo, Manolo Cardona, Diego Cata├▒o, Ra├║l M├⌐ndez, Bruno Bichir, Stephanie Sigman, Florencia Lozano, Juan Pablo Raba, Leynar Gomez, Konstantin Melikhov, Martina Garc├¡a, Maurice Compte, Mauricio Cujar, Jorge Monterrosa, Germ├ín Jaramillo, Juan Pablo Shuk, Juli├ín D├¡az, Alejandro Buitrago, Federico Rivera;United States, Colombia, Mexico;;2017.0;3 Seasons;Crime TV Shows, TV Action & Adventure, TV Dramas;8.8;404486.0;;;;;;;;TV Show
the flash;TV-PG;Parental guidance suggested. May not be suitable for all children.;2016;98.0;Parental Guidance;Glen Winter;Grant Gustin, Candice Patton, Danielle Panabaker, Carlos Valdes, Tom Cavanagh, Jesse L. Martin, Neil Sandilands, Britne Oldford, Danielle Nicolet, Keiynan Lonsdale, Kim Engelbrecht;United States;;2019.0;5 Seasons;Crime TV Shows, TV Action & Adventure, TV Sci-Fi & Fantasy;7.6;336888.0;;;;;;;;TV Show
the seven deadly sins;TV-14;Parents strongly cautioned. May be unsuitable for children ages 14 and under.;2016;;Teen;;Yuki Kaji, Sora Amamiya, Misaki Kuno, Aoi Yuki, Tatsuhisa Suzuki, Jun Fukuyama, Mamoru Miyano, Maaya Sakamoto;Japan;;2018.0;3 Seasons;Anime Series, International TV Shows;7.9;30341.0;0;[];0.39275;[];1962-03-07;0.0;113.0;TV Show
scream;TV-14;Parents strongly cautioned. May be unsuitable for children ages 14 and under.;2016;;Teen;;Willa Fitzgerald, Bex Taylor-Klaus, John Karna, Amadeus Serafini, Connor Weil, Carlson Young, Jason Wiles, Tracy Middendorf, Tom Maden, Bobby Campo, Santiago Segura, Mike Vaughn;United States;;2019.0;3 Seasons;Crime TV Shows, TV Horror, TV Mysteries;;;14000000;['Crime', 'Horror', 'Mystery'];13.326443;['Woods Entertainment', 'Dimension Films'];1996-12-20;173046663.0;111.0;TV Show
the do-over;TV-MA;For mature audiences.  May not be suitable for children 17 and under.;2016;84.0;Adult;Steven Brill;Adam Sandler, David Spade, Paula Patton, Kathryn Hahn, Nick Swardson, Catherine Bell, Michael Chiklis, Natasha Leggero, Sean Astin;United States;May 27, 2016;2016.0;109 min;Action & Adventure, Comedies;5.7;45146.0;0;['Action', 'Adventure', 'Comedy'];11.219246;['Happy Madison Productions', 'Netflix', 'Instinctual VFX'];2016-05-27;0.0;109.0;Movie
opera?∩┐╜?∩┐╜es especiais;TV-MA;For mature audiences.  May not be suitable for children 17 and under.;2015;;Adult;;;;;;;;;;;;;;;;;
3%;TV-MA;For mature audiences.  May not be suitable for children 17 and under.;2016;;Adult;;Jo├úo Miguel, Bianca Comparato, Michel Gomes, Rodolfo Valente, Vaneza Oliveira, Rafael Lozano, Viviane Porto, Mel Fronckowiak, Sergio Mamberti, Zez├⌐ Motta, Celso Frateschi;Brazil;;2019.0;3 Seasons;International TV Shows, TV Dramas, TV Sci-Fi & Fantasy;;;;;;;;;;TV Show
trollhunters;TV-Y7-FV;Suitable for children ages 7 and older.  Content contains fantasy violence.;2016;83.0;Kids;;Kelsey Grammer, Anton Yelchin, Charlie Saxton, Lexi Medrano, Fred Tatasciore, Clancy Brown, Mark Hamill, Ron Perlman, Steven Yeun, Amy Landecker, Jonathan Hyde, Anjelica Huston, Lena Headey, David Bradley, Tom Kenny, Laraine Newman, Grey Griffin, James Purefoy;United States, Mexico;;2018.0;3 Seasons;Kids' TV, TV Action & Adventure, TV Sci-Fi & Fantasy;;;;;;;;;;TV Show
fearless;TV-14;Parents strongly cautioned. May be unsuitable for children ages 14 and under.;2016;;Teen;;Adriano Moraes, J.B. Mauney, Silvano Alves, Kaique Pacheco, Guilherme Marchi, Robson Palermo;United States;August 19, 2016;2016.0;1 Season;Docuseries;7.1;299.0;0;['Drama'];9.284624;['Spring Creek Productions', 'Warner Bros.'];1993-10-15;0.0;122.0;TV Show
fearless;TV-14;Parents strongly cautioned. May be unsuitable for children ages 14 and under.;2016;;Teen;;Adriano Moraes, J.B. Mauney, Silvano Alves, Kaique Pacheco, Guilherme Marchi, Robson Palermo;United States;August 19, 2016;2016.0;1 Season;Docuseries;7.1;299.0;0;['Drama', 'Action'];6.187094;['Beijing Film Studio', 'China Film Co-Production Corporation', 'Hero China International', 'Wide River Investments', 'China Film Group Corporation (CFGC)'];2006-01-26;6971266.0;103.0;TV Show
fearless;TV-14;Parents strongly cautioned. May be unsuitable for children ages 14 and under.;2016;;Teen;;Adriano Moraes, J.B. Mauney, Silvano Alves, Kaique Pacheco, Guilherme Marchi, Robson Palermo;United States;August 19, 2016;2016.0;1 Season;Docuseries;4.9;1706.0;0;['Drama'];9.284624;['Spring Creek Productions', 'Warner Bros.'];1993-10-15;0.0;122.0;TV Show
fearless;TV-14;Parents strongly cautioned. May be unsuitable for children ages 14 and under.;2016;;Teen;;Adriano Moraes, J.B. Mauney, Silvano Alves, Kaique Pacheco, Guilherme Marchi, Robson Palermo;United States;August 19, 2016;2016.0;1 Season;Docuseries;4.9;1706.0;0;['Drama', 'Action'];6.187094;['Beijing Film Studio', 'China Film Co-Production Corporation', 'Hero China International', 'Wide River Investments', 'China Film Group Corporation (CFGC)'];2006-01-26;6971266.0;103.0;TV Show
hyena road;R;bloody war violence, language throughout and some sexual material;2015;;Adult;;;;;;;;6.5;7665.0;0;['War', 'Drama'];5.620274;['Rhombus Media', 'International Traders', 'Buffalo Gal Pictures', 'Whizbang Films', 'Triple 7 Films', 'Bron Creative'];2015-10-09;0.0;120.0;MOVIE
santa clarita diet;TV-MA;For mature audiences.  May not be suitable for children 17 and under.;2017;82.0;Adult;;Drew Barrymore, Timothy Olyphant, Liv Hewson, Skyler Gisondo;United States;;2019.0;3 Seasons;TV Comedies, TV Horror, TV Thrillers;7.9;64467.0;;;;;;;;TV Show
sex, love and therapy;NR;This movie has not been rated.;2014;;Unrated;;;;;;;;;;;;;;;;;
white girl;UR;This movie has not been rated. Intended for adults only and may contain sex, violence, drugs, language or other adult themes.;2016;;Unrated;Elizabeth Wood;Morgan Saylor, Brian 'Sene' Marc, Justin Bartha, Chris Noth, Adrian Martinez, India Menuez, Anthony Ramos, Ralph Rodriguez, Annabelle Dexter-Jones;United States;December 2, 2016;2016.0;90 min;Dramas, Independent Movies;5.7;10646.0;700000;['Drama'];6.021721;['Killer Films', 'Greencard Pictures', 'Bank Street Films', 'Supermarch├⌐'];2016-09-02;200242.0;88.0;Movie
girlboss;TV-MA;For mature audiences.  May not be suitable for children 17 and under.;2017;94.0;Adult;;Britt Robertson, Ellie Reed, Johnny Simmons, Alphonso Mcauley;United States;April 21, 2017;2017.0;1 Season;TV Comedies;7.0;17525.0;;;;;;;;TV Show
city of god: 10 years later;TV-MA;For mature audiences.  May not be suitable for children 17 and under.;2013;;Adult;Cavi Borges, Luciano Vidigal;;Brazil;May 7, 2018;2013.0;69 min;Documentaries, International Movies;6.4;1299.0;;;;;;;;Movie
13 reasons why;TV-MA;For mature audiences.  May not be suitable for children 17 and under.;2017;99.0;Adult;;Dylan Minnette, Katherine Langford, Kate Walsh, Derek Luke, Brian d'Arcy James, Alisha Boe, Christian Navarro, Miles Heizer, Ross Butler, Devin Druid, Michele Selene Ang, Steven Silver, Amy Hargreaves;United States;;2019.0;3 Seasons;Crime TV Shows, TV Dramas, TV Mysteries;7.5;282373.0;;;;;;;;TV Show
sand castle;TV-MA;For mature audiences.  May not be suitable for children 17 and under.;2017;89.0;Adult;Fernando Coimbra;Nicholas Hoult, Logan Marshall-Green, Henry Cavill, Glen Powell, Neil Brown Jr., Beau Knapp, Sammy Sheik, Gonzalo Menendez;United States;April 21, 2017;2017.0;113 min;Action & Adventure, Dramas, Independent Movies;6.3;22854.0;0;['Drama', 'War'];7.823933;['The Mark Gordon Company', 'International Traders', 'Treehouse Pictures'];2017-04-21;0.0;113.0;Movie
salvador martinha - tip of the tongue;TV-MA;For mature audiences.  May not be suitable for children 17 and under.;2016;;Adult;;;;;;;;;;;;;;;;;
sandy wexler;TV-14;Parents strongly cautioned. May be unsuitable for children ages 14 and under.;2017;92.0;Teen;Steven Brill;Adam Sandler, Jennifer Hudson, Kevin James, Terry Crews, Rob Schneider, Colin Quinn, Nick Swardson, Lamorne Morris, Arsenio Hall, Jamie Gray Hyder;United States;April 14, 2017;2017.0;131 min;Comedies;5.2;16603.0;0;['Comedy'];10.213483;['Happy Madison Productions', 'NetFlix'];2017-04-14;0.0;130.0;Movie
o amor no div?∩┐╜;TV-MA;For mature audiences.  May not be suitable for children 17 and under.;2016;;Adult;;;;;;;;;;;;;;;;;
stronger than the world;NR;This movie has not been rated.;2016;;Unrated;Afonso Poyart;Jos├⌐ Loreto, Cleo Pires, Milhem Cortaz, Jackson Antunes, Claudia Ohana, R├┤mulo Arantes Neto, Paloma Bernardi, Thaila Ayala, Rafinha Bastos, Felipe Titto;Brazil;February 11, 2017;2016.0;123 min;Action & Adventure, Dramas, International Movies;;;;;;;;;;Movie
back and forth;NR;This movie has not been rated.;2016;;Unrated;Jos├⌐ Eduardo Belmonte;Ingrid Guimar├úes, F├íbio Assun├º├úo, Alice Braga, Rosanne Mulholland, Caroline Abras, Jo├úo Assun├º├úo;Brazil;January 5, 2017;2016.0;95 min;Comedies, Dramas, International Movies;;;;;;;;;;Movie
happily married;TV-14;Parents strongly cautioned. May be unsuitable for children ages 14 and under.;2015;;Teen;;;;;;;;;;;;;;;;;
pandora;TV-MA;For mature audiences.  May not be suitable for children 17 and under.;2016;;Adult;Jung-woo Park;Nam-gil Kim, Young-ae Kim, Jeong-hee Moon, Joo-hyun Kim, Jin-young Jung, Kyeong-yeong Lee, Shin-il Kang, Dae-Myung Kim, Seung-mok Yoo, Myung-min Kim;South Korea;March 17, 2017;2016.0;137 min;Dramas, International Movies, Thrillers;6.6;7304.0;0;['Thriller', 'Drama', 'Action'];5.131904;['NEW'];2016-12-07;0.0;136.0;Movie
the office (u.s.);TV-14;Parents strongly cautioned. May be unsuitable for children ages 14 and under.;2012;97.0;Teen;;Steve Carell, John Krasinski, Jenna Fischer, Rainn Wilson, B.J. Novak, Ed Helms, Brian Baumgartner, David Denman, Creed Bratton, Kate Flannery, Mindy Kaling, Angela Kinsey, Paul Lieberstein, Oscar Nu├▒ez, Phyllis Smith;United States;;2012.0;9 Seasons;TV Comedies;;;;;;;;;;TV Show
90210;TV-14;Parents strongly cautioned. May be unsuitable for children ages 14 and under.;2013;62.0;Teen;;;;;;;;;;;;;;;;;
gossip girl;TV-14;Parents strongly cautioned. May be unsuitable for children ages 14 and under.;2012;96.0;Teen;;Blake Lively, Leighton Meester, Penn Badgley, Chace Crawford, Ed Westwick, Kelly Rutherford, Matthew Settle, Taylor Momsen, Jessica Szohr, Zuzanna Szadkowski, Connor Paolo;United States;;2012.0;6 Seasons;TV Dramas, Teen TV Shows;;;;;;;;;;TV Show
parks and recreation;TV-14;Parents strongly cautioned. May be unsuitable for children ages 14 and under.;2015;94.0;Teen;;Amy Poehler, Rashida Jones, Aziz Ansari, Nick Offerman, Aubrey Plaza, Chris Pratt, Jim O'Heir, Retta, Adam Scott, Rob Lowe, Paul Schneider;United States;;2015.0;7 Seasons;TV Comedies;;;;;;;;;;TV Show
glee;TV-PG;Parental guidance suggested. May not be suitable for all children.;2015;92.0;Parental Guidance;;Lea Michele, Chris Colfer, Jane Lynch, Matthew Morrison, Cory Monteith, Naya Rivera, Kevin McHale, Jenna Ushkowitz, Amber Riley, Mark Salling, Heather Morris, Harry Shum Jr., Jayma Mays, Dianna Agron;United States;;2015.0;6 Seasons;TV Comedies, TV Dramas, Teen TV Shows;;;;;;;;;;TV Show
family guy;TV-MA;For mature audiences.  May not be suitable for children 17 and under.;2015;98.0;Adult;;;;;;;;;;;;;;;;;
criminal minds;TV-14;Parents strongly cautioned. May be unsuitable for children ages 14 and under.;2016;98.0;Teen;;Mandy Patinkin, Joe Mantegna, Thomas Gibson, Shemar Moore, Matthew Gray Gubler, Kirsten Vangsness, A.J. Cook, Paget Brewster, Lola Glaudini, Jennifer Love Hewitt, Jeanne Tripplehorn;United States, Canada;;2017.0;12 Seasons;Crime TV Shows, TV Dramas, TV Mysteries;8.1;189191.0;;;;;;;;TV Show
friends;TV-14;Parents strongly cautioned. May be unsuitable for children ages 14 and under.;2003;98.0;Teen;;Jennifer Aniston, Courteney Cox, Lisa Kudrow, Matt LeBlanc, Matthew Perry, David Schwimmer;United States;;2003.0;10 Seasons;Classic & Cult TV, TV Comedies;;;;;;;;;;TV Show
the secret life of the american teenager;TV-14;Parents strongly cautioned. May be unsuitable for children ages 14 and under.;2013;81.0;Teen;;;;;;;;;;;;;;;;;
one tree hill;TV-14;Parents strongly cautioned. May be unsuitable for children ages 14 and under.;2011;90.0;Teen;;;;;;;;;;;;;;;;;
shameless (u.s.);TV-MA;For mature audiences.  May not be suitable for children 17 and under.;2016;97.0;Adult;;William H. Macy, Emmy Rossum, Justin Chatwin, Cameron Monaghan, Jeremy Allen White, Shanola Hampton, Steve Howey, Ethan Cutkosky, Emma Kenney, Laura Wiggins, Joan Cusack;United States;;2018.0;9 Seasons;TV Comedies, TV Dramas;;;;;;;;;;TV Show
new girl;TV-14;Parents strongly cautioned. May be unsuitable for children ages 14 and under.;2016;91.0;Teen;;Zooey Deschanel, Jake Johnson, Max Greenfield, Hannah Simone, Lamorne Morris, Damon Wayans Jr.;United States;;2017.0;7 Seasons;Romantic TV Shows, TV Comedies;7.7;216209.0;;;;;;;;TV Show
american horror story;TV-MA;For mature audiences.  May not be suitable for children 17 and under.;2016;90.0;Adult;;Evan Peters, Sarah Paulson, Jessica Lange, Denis O'Hare, Kathy Bates, Angela Bassett, Lily Rabe, Frances Conroy, Cheyenne Jackson, Emma Roberts, Taissa Farmiga, Wes Bentley, Finn Wittrock, Chlo├½ Sevigny, Zachary Quinto, Jamie Brewer, Naomi Grossman, Dylan McDermott, Gabourey Sidibe, Lady Gaga, Mare Winningham, Joseph Fiennes, Michael Chiklis, Matt Bomer, Lizzie Brocher├⌐, Erika Ervin, Mat Fraser, Rose Siggins, Connie Britton, James Cromwell, Adina Porter, Jyoti Amge, Billie Lourde, Alison Pill, Billy Eichner, Leslie Grossman, Colton Haynes, Cuba Gooding Jr., Andr├⌐ Holland, Danny Huston;United States;;2018.0;8 Seasons;TV Horror, TV Mysteries, TV Thrillers;;;;;;;;;;TV Show
orange is the new black;TV-MA;For mature audiences.  May not be suitable for children 17 and under.;2016;98.0;Adult;;Taylor Schilling, Kate Mulgrew, Laura Prepon, Jason Biggs, Natasha Lyonne, Michael Harney, Uzo Aduba, Danielle Brooks, Samira Wiley, Dascha Polanco, Selenis Leyva, Nick Sandow, Yael Stone, Taryn Manning, Lea DeLaria, Matt McGorry, Emma Myles, Vicky Jeudy, Laverne Cox, Pablo Schreiber, Lori Petty, Ruby Rose, Adrienne C. Moore, Jackie Cruz, Elizabeth Rodriguez;United States;;2019.0;7 Seasons;TV Comedies, TV Dramas;8.1;295591.0;;;;;;;;TV Show
inside russia's toughest prison;TV-14;Parents strongly cautioned. May be unsuitable for children ages 14 and under.;2011;;Teen;;;;;;;;;;;;;;;;;
bates motel;TV-14;Parents strongly cautioned. May be unsuitable for children ages 14 and under.;2016;83.0;Teen;;Vera Farmiga, Freddie Highmore, Max Thieriot, Olivia Cooke, Nicola Peltz, Nestor Carbonell, Mike Vogel, Keegan Connor Tracy;United States;;2017.0;5 Seasons;Crime TV Shows, TV Dramas, TV Horror;;;;;;;;;;TV Show
grace and frankie;TV-MA;For mature audiences.  May not be suitable for children 17 and under.;2017;90.0;Adult;;Jane Fonda, Lily Tomlin, Martin Sheen, Sam Waterston, June Diane Raphael, Brooklyn Decker, Ethan Embry, Baron Vaughn;United States;;2019.0;5 Seasons;TV Comedies, TV Dramas;8.199999999999998;48435.0;;;;;;;;TV Show
how to get away with murder;TV-14;Parents strongly cautioned. May be unsuitable for children ages 14 and under.;2016;95.0;Teen;;Viola Davis, Billy Brown, Alfred Enoch, Jack Falahee, Katie Findlay, Aja Naomi King, Matt McGorry, Karla Souza, Charlie Weber, Liza Weil;United States;;2018.0;5 Seasons;Crime TV Shows, TV Dramas, TV Mysteries;8.1;146712.0;;;;;;;;TV Show
the get down;TV-MA;For mature audiences.  May not be suitable for children 17 and under.;2017;80.0;Adult;;Justice Smith, Shameik Moore, Herizen Guardiola, Skylan Brooks, Tremaine Brown,  Jr., Yahya Abdul-Mateen II, Jimmy Smits, Giancarlo Esposito, Kevin Corrigan, Stefanee Martin, Shyrley Rodriguez, Eric Bogosian, Michel Gill, Mamoudou Athie;United States;;2017.0;2 Seasons;TV Dramas;8.199999999999998;22304.0;;;;;;;;TV Show
love;TV-MA;For mature audiences.  May not be suitable for children 17 and under.;2017;;Adult;Kabir Bhatia, Titien Wattimena;Acha Septriasa, Darius Sinathrya, Fauzi Baadila, Irwansyah, Laudya Cynthia Bella, Luna Maya, Sophan Sophiaan, Surya Saputra, Widyawati, Wulan Guritno;Indonesia;November 30, 2018;2008.0;120 min;Dramas, International Movies, Romantic Movies;7.7;41362.0;0;[];0.013023;[];2005-04-21;0.0;90.0;Movie
love;TV-MA;For mature audiences.  May not be suitable for children 17 and under.;2017;;Adult;Kabir Bhatia, Titien Wattimena;Acha Septriasa, Darius Sinathrya, Fauzi Baadila, Irwansyah, Laudya Cynthia Bella, Luna Maya, Sophan Sophiaan, Surya Saputra, Widyawati, Wulan Guritno;Indonesia;November 30, 2018;2008.0;120 min;Dramas, International Movies, Romantic Movies;7.7;41362.0;0;['Drama', 'Foreign'];0.624965;['MAFILM St├║di├│ 1', 'Hungarofilm'];1971-01-21;0.0;88.0;Movie
love;TV-MA;For mature audiences.  May not be suitable for children 17 and under.;2017;;Adult;Kabir Bhatia, Titien Wattimena;Acha Septriasa, Darius Sinathrya, Fauzi Baadila, Irwansyah, Laudya Cynthia Bella, Luna Maya, Sophan Sophiaan, Surya Saputra, Widyawati, Wulan Guritno;Indonesia;November 30, 2018;2008.0;120 min;Dramas, International Movies, Romantic Movies;7.7;41362.0;500000;['Drama', 'Science Fiction'];3.760776;['Angels & Airwaves'];2011-02-02;0.0;90.0;Movie
love;TV-MA;For mature audiences.  May not be suitable for children 17 and under.;2017;;Adult;Kabir Bhatia, Titien Wattimena;Acha Septriasa, Darius Sinathrya, Fauzi Baadila, Irwansyah, Laudya Cynthia Bella, Luna Maya, Sophan Sophiaan, Surya Saputra, Widyawati, Wulan Guritno;Indonesia;November 30, 2018;2008.0;120 min;Dramas, International Movies, Romantic Movies;7.7;41362.0;0;['Drama', 'Romance'];0.950842;[];2012-02-14;0.0;120.0;Movie
love;TV-MA;For mature audiences.  May not be suitable for children 17 and under.;2017;;Adult;Kabir Bhatia, Titien Wattimena;Acha Septriasa, Darius Sinathrya, Fauzi Baadila, Irwansyah, Laudya Cynthia Bella, Luna Maya, Sophan Sophiaan, Surya Saputra, Widyawati, Wulan Guritno;Indonesia;November 30, 2018;2008.0;120 min;Dramas, International Movies, Romantic Movies;7.7;41362.0;3000000;['Drama', 'Romance'];2.328321;['Wild Bunch', 'Les Cin├⌐mas de la Zone', 'Rectangle Productions', 'Scope Pictures', 'RT Features'];2015-07-06;249083.0;134.0;Movie
love;TV-MA;For mature audiences.  May not be suitable for children 17 and under.;2017;;Adult;Kabir Bhatia, Titien Wattimena;Acha Septriasa, Darius Sinathrya, Fauzi Baadila, Irwansyah, Laudya Cynthia Bella, Luna Maya, Sophan Sophiaan, Surya Saputra, Widyawati, Wulan Guritno;Indonesia;November 30, 2018;2008.0;120 min;Dramas, International Movies, Romantic Movies;7.7;41362.0;0;['Drama'];0.664602;['Metro-Goldwyn-Mayer (MGM)'];1927-11-28;0.0;81.0;Movie
love;TV-MA;For mature audiences.  May not be suitable for children 17 and under.;2017;;Adult;Kabir Bhatia, Titien Wattimena;Acha Septriasa, Darius Sinathrya, Fauzi Baadila, Irwansyah, Laudya Cynthia Bella, Luna Maya, Sophan Sophiaan, Surya Saputra, Widyawati, Wulan Guritno;Indonesia;November 30, 2018;2008.0;120 min;Dramas, International Movies, Romantic Movies;7.0;1485.0;0;[];0.013023;[];2005-04-21;0.0;90.0;Movie
love;TV-MA;For mature audiences.  May not be suitable for children 17 and under.;2017;;Adult;Kabir Bhatia, Titien Wattimena;Acha Septriasa, Darius Sinathrya, Fauzi Baadila, Irwansyah, Laudya Cynthia Bella, Luna Maya, Sophan Sophiaan, Surya Saputra, Widyawati, Wulan Guritno;Indonesia;November 30, 2018;2008.0;120 min;Dramas, International Movies, Romantic Movies;7.0;1485.0;0;['Drama', 'Foreign'];0.624965;['MAFILM St├║di├│ 1', 'Hungarofilm'];1971-01-21;0.0;88.0;Movie
love;TV-MA;For mature audiences.  May not be suitable for children 17 and under.;2017;;Adult;Kabir Bhatia, Titien Wattimena;Acha Septriasa, Darius Sinathrya, Fauzi Baadila, Irwansyah, Laudya Cynthia Bella, Luna Maya, Sophan Sophiaan, Surya Saputra, Widyawati, Wulan Guritno;Indonesia;November 30, 2018;2008.0;120 min;Dramas, International Movies, Romantic Movies;7.0;1485.0;500000;['Drama', 'Science Fiction'];3.760776;['Angels & Airwaves'];2011-02-02;0.0;90.0;Movie
love;TV-MA;For mature audiences.  May not be suitable for children 17 and under.;2017;;Adult;Kabir Bhatia, Titien Wattimena;Acha Septriasa, Darius Sinathrya, Fauzi Baadila, Irwansyah, Laudya Cynthia Bella, Luna Maya, Sophan Sophiaan, Surya Saputra, Widyawati, Wulan Guritno;Indonesia;November 30, 2018;2008.0;120 min;Dramas, International Movies, Romantic Movies;7.0;1485.0;0;['Drama', 'Romance'];0.950842;[];2012-02-14;0.0;120.0;Movie
love;TV-MA;For mature audiences.  May not be suitable for children 17 and under.;2017;;Adult;Kabir Bhatia, Titien Wattimena;Acha Septriasa, Darius Sinathrya, Fauzi Baadila, Irwansyah, Laudya Cynthia Bella, Luna Maya, Sophan Sophiaan, Surya Saputra, Widyawati, Wulan Guritno;Indonesia;November 30, 2018;2008.0;120 min;Dramas, International Movies, Romantic Movies;7.0;1485.0;3000000;['Drama', 'Romance'];2.328321;['Wild Bunch', 'Les Cin├⌐mas de la Zone', 'Rectangle Productions', 'Scope Pictures', 'RT Features'];2015-07-06;249083.0;134.0;Movie
love;TV-MA;For mature audiences.  May not be suitable for children 17 and under.;2017;;Adult;Kabir Bhatia, Titien Wattimena;Acha Septriasa, Darius Sinathrya, Fauzi Baadila, Irwansyah, Laudya Cynthia Bella, Luna Maya, Sophan Sophiaan, Surya Saputra, Widyawati, Wulan Guritno;Indonesia;November 30, 2018;2008.0;120 min;Dramas, International Movies, Romantic Movies;7.0;1485.0;0;['Drama'];0.664602;['Metro-Goldwyn-Mayer (MGM)'];1927-11-28;0.0;81.0;Movie
love;TV-MA;For mature audiences.  May not be suitable for children 17 and under.;2017;;Adult;;Gillian Jacobs, Paul Rust, Claudia O'Doherty;United States;;2018.0;3 Seasons;Romantic TV Shows, TV Comedies, TV Dramas;7.7;41362.0;0;[];0.013023;[];2005-04-21;0.0;90.0;TV Show
love;TV-MA;For mature audiences.  May not be suitable for children 17 and under.;2017;;Adult;;Gillian Jacobs, Paul Rust, Claudia O'Doherty;United States;;2018.0;3 Seasons;Romantic TV Shows, TV Comedies, TV Dramas;7.7;41362.0;0;['Drama', 'Foreign'];0.624965;['MAFILM St├║di├│ 1', 'Hungarofilm'];1971-01-21;0.0;88.0;TV Show
love;TV-MA;For mature audiences.  May not be suitable for children 17 and under.;2017;;Adult;;Gillian Jacobs, Paul Rust, Claudia O'Doherty;United States;;2018.0;3 Seasons;Romantic TV Shows, TV Comedies, TV Dramas;7.7;41362.0;500000;['Drama', 'Science Fiction'];3.760776;['Angels & Airwaves'];2011-02-02;0.0;90.0;TV Show
love;TV-MA;For mature audiences.  May not be suitable for children 17 and under.;2017;;Adult;;Gillian Jacobs, Paul Rust, Claudia O'Doherty;United States;;2018.0;3 Seasons;Romantic TV Shows, TV Comedies, TV Dramas;7.7;41362.0;0;['Drama', 'Romance'];0.950842;[];2012-02-14;0.0;120.0;TV Show
love;TV-MA;For mature audiences.  May not be suitable for children 17 and under.;2017;;Adult;;Gillian Jacobs, Paul Rust, Claudia O'Doherty;United States;;2018.0;3 Seasons;Romantic TV Shows, TV Comedies, TV Dramas;7.7;41362.0;3000000;['Drama', 'Romance'];2.328321;['Wild Bunch', 'Les Cin├⌐mas de la Zone', 'Rectangle Productions', 'Scope Pictures', 'RT Features'];2015-07-06;249083.0;134.0;TV Show
love;TV-MA;For mature audiences.  May not be suitable for children 17 and under.;2017;;Adult;;Gillian Jacobs, Paul Rust, Claudia O'Doherty;United States;;2018.0;3 Seasons;Romantic TV Shows, TV Comedies, TV Dramas;7.7;41362.0;0;['Drama'];0.664602;['Metro-Goldwyn-Mayer (MGM)'];1927-11-28;0.0;81.0;TV Show
love;TV-MA;For mature audiences.  May not be suitable for children 17 and under.;2017;;Adult;;Gillian Jacobs, Paul Rust, Claudia O'Doherty;United States;;2018.0;3 Seasons;Romantic TV Shows, TV Comedies, TV Dramas;7.0;1485.0;0;[];0.013023;[];2005-04-21;0.0;90.0;TV Show
love;TV-MA;For mature audiences.  May not be suitable for children 17 and under.;2017;;Adult;;Gillian Jacobs, Paul Rust, Claudia O'Doherty;United States;;2018.0;3 Seasons;Romantic TV Shows, TV Comedies, TV Dramas;7.0;1485.0;0;['Drama', 'Foreign'];0.624965;['MAFILM St├║di├│ 1', 'Hungarofilm'];1971-01-21;0.0;88.0;TV Show
love;TV-MA;For mature audiences.  May not be suitable for children 17 and under.;2017;;Adult;;Gillian Jacobs, Paul Rust, Claudia O'Doherty;United States;;2018.0;3 Seasons;Romantic TV Shows, TV Comedies, TV Dramas;7.0;1485.0;500000;['Drama', 'Science Fiction'];3.760776;['Angels & Airwaves'];2011-02-02;0.0;90.0;TV Show
love;TV-MA;For mature audiences.  May not be suitable for children 17 and under.;2017;;Adult;;Gillian Jacobs, Paul Rust, Claudia O'Doherty;United States;;2018.0;3 Seasons;Romantic TV Shows, TV Comedies, TV Dramas;7.0;1485.0;0;['Drama', 'Romance'];0.950842;[];2012-02-14;0.0;120.0;TV Show
love;TV-MA;For mature audiences.  May not be suitable for children 17 and under.;2017;;Adult;;Gillian Jacobs, Paul Rust, Claudia O'Doherty;United States;;2018.0;3 Seasons;Romantic TV Shows, TV Comedies, TV Dramas;7.0;1485.0;3000000;['Drama', 'Romance'];2.328321;['Wild Bunch', 'Les Cin├⌐mas de la Zone', 'Rectangle Productions', 'Scope Pictures', 'RT Features'];2015-07-06;249083.0;134.0;TV Show
love;TV-MA;For mature audiences.  May not be suitable for children 17 and under.;2017;;Adult;;Gillian Jacobs, Paul Rust, Claudia O'Doherty;United States;;2018.0;3 Seasons;Romantic TV Shows, TV Comedies, TV Dramas;7.0;1485.0;0;['Drama'];0.664602;['Metro-Goldwyn-Mayer (MGM)'];1927-11-28;0.0;81.0;TV Show
love;TV-MA;For mature audiences.  May not be suitable for children 17 and under.;2017;;Adult;Gaspar No├⌐;Karl Glusman, Klara Kristin, Aomi Muyock, Ugo Fox, Juan Saavedra, Gaspar No├⌐, Isabelle Nicou, Beno├«t Debie, Vincent Maraval, D├⌐borah R├⌐vy;France, Belgium;September 8, 2017;2015.0;135 min;Cult Movies, Dramas, Independent Movies;7.7;41362.0;0;[];0.013023;[];2005-04-21;0.0;90.0;Movie
love;TV-MA;For mature audiences.  May not be suitable for children 17 and under.;2017;;Adult;Gaspar No├⌐;Karl Glusman, Klara Kristin, Aomi Muyock, Ugo Fox, Juan Saavedra, Gaspar No├⌐, Isabelle Nicou, Beno├«t Debie, Vincent Maraval, D├⌐borah R├⌐vy;France, Belgium;September 8, 2017;2015.0;135 min;Cult Movies, Dramas, Independent Movies;7.7;41362.0;0;['Drama', 'Foreign'];0.624965;['MAFILM St├║di├│ 1', 'Hungarofilm'];1971-01-21;0.0;88.0;Movie
love;TV-MA;For mature audiences.  May not be suitable for children 17 and under.;2017;;Adult;Gaspar No├⌐;Karl Glusman, Klara Kristin, Aomi Muyock, Ugo Fox, Juan Saavedra, Gaspar No├⌐, Isabelle Nicou, Beno├«t Debie, Vincent Maraval, D├⌐borah R├⌐vy;France, Belgium;September 8, 2017;2015.0;135 min;Cult Movies, Dramas, Independent Movies;7.7;41362.0;500000;['Drama', 'Science Fiction'];3.760776;['Angels & Airwaves'];2011-02-02;0.0;90.0;Movie
love;TV-MA;For mature audiences.  May not be suitable for children 17 and under.;2017;;Adult;Gaspar No├⌐;Karl Glusman, Klara Kristin, Aomi Muyock, Ugo Fox, Juan Saavedra, Gaspar No├⌐, Isabelle Nicou, Beno├«t Debie, Vincent Maraval, D├⌐borah R├⌐vy;France, Belgium;September 8, 2017;2015.0;135 min;Cult Movies, Dramas, Independent Movies;7.7;41362.0;0;['Drama', 'Romance'];0.950842;[];2012-02-14;0.0;120.0;Movie
love;TV-MA;For mature audiences.  May not be suitable for children 17 and under.;2017;;Adult;Gaspar No├⌐;Karl Glusman, Klara Kristin, Aomi Muyock, Ugo Fox, Juan Saavedra, Gaspar No├⌐, Isabelle Nicou, Beno├«t Debie, Vincent Maraval, D├⌐borah R├⌐vy;France, Belgium;September 8, 2017;2015.0;135 min;Cult Movies, Dramas, Independent Movies;7.7;41362.0;3000000;['Drama', 'Romance'];2.328321;['Wild Bunch', 'Les Cin├⌐mas de la Zone', 'Rectangle Productions', 'Scope Pictures', 'RT Features'];2015-07-06;249083.0;134.0;Movie
love;TV-MA;For mature audiences.  May not be suitable for children 17 and under.;2017;;Adult;Gaspar No├⌐;Karl Glusman, Klara Kristin, Aomi Muyock, Ugo Fox, Juan Saavedra, Gaspar No├⌐, Isabelle Nicou, Beno├«t Debie, Vincent Maraval, D├⌐borah R├⌐vy;France, Belgium;September 8, 2017;2015.0;135 min;Cult Movies, Dramas, Independent Movies;7.7;41362.0;0;['Drama'];0.664602;['Metro-Goldwyn-Mayer (MGM)'];1927-11-28;0.0;81.0;Movie
love;TV-MA;For mature audiences.  May not be suitable for children 17 and under.;2017;;Adult;Gaspar No├⌐;Karl Glusman, Klara Kristin, Aomi Muyock, Ugo Fox, Juan Saavedra, Gaspar No├⌐, Isabelle Nicou, Beno├«t Debie, Vincent Maraval, D├⌐borah R├⌐vy;France, Belgium;September 8, 2017;2015.0;135 min;Cult Movies, Dramas, Independent Movies;7.0;1485.0;0;[];0.013023;[];2005-04-21;0.0;90.0;Movie
love;TV-MA;For mature audiences.  May not be suitable for children 17 and under.;2017;;Adult;Gaspar No├⌐;Karl Glusman, Klara Kristin, Aomi Muyock, Ugo Fox, Juan Saavedra, Gaspar No├⌐, Isabelle Nicou, Beno├«t Debie, Vincent Maraval, D├⌐borah R├⌐vy;France, Belgium;September 8, 2017;2015.0;135 min;Cult Movies, Dramas, Independent Movies;7.0;1485.0;0;['Drama', 'Foreign'];0.624965;['MAFILM St├║di├│ 1', 'Hungarofilm'];1971-01-21;0.0;88.0;Movie
love;TV-MA;For mature audiences.  May not be suitable for children 17 and under.;2017;;Adult;Gaspar No├⌐;Karl Glusman, Klara Kristin, Aomi Muyock, Ugo Fox, Juan Saavedra, Gaspar No├⌐, Isabelle Nicou, Beno├«t Debie, Vincent Maraval, D├⌐borah R├⌐vy;France, Belgium;September 8, 2017;2015.0;135 min;Cult Movies, Dramas, Independent Movies;7.0;1485.0;500000;['Drama', 'Science Fiction'];3.760776;['Angels & Airwaves'];2011-02-02;0.0;90.0;Movie
love;TV-MA;For mature audiences.  May not be suitable for children 17 and under.;2017;;Adult;Gaspar No├⌐;Karl Glusman, Klara Kristin, Aomi Muyock, Ugo Fox, Juan Saavedra, Gaspar No├⌐, Isabelle Nicou, Beno├«t Debie, Vincent Maraval, D├⌐borah R├⌐vy;France, Belgium;September 8, 2017;2015.0;135 min;Cult Movies, Dramas, Independent Movies;7.0;1485.0;0;['Drama', 'Romance'];0.950842;[];2012-02-14;0.0;120.0;Movie
love;TV-MA;For mature audiences.  May not be suitable for children 17 and under.;2017;;Adult;Gaspar No├⌐;Karl Glusman, Klara Kristin, Aomi Muyock, Ugo Fox, Juan Saavedra, Gaspar No├⌐, Isabelle Nicou, Beno├«t Debie, Vincent Maraval, D├⌐borah R├⌐vy;France, Belgium;September 8, 2017;2015.0;135 min;Cult Movies, Dramas, Independent Movies;7.0;1485.0;3000000;['Drama', 'Romance'];2.328321;['Wild Bunch', 'Les Cin├⌐mas de la Zone', 'Rectangle Productions', 'Scope Pictures', 'RT Features'];2015-07-06;249083.0;134.0;Movie
love;TV-MA;For mature audiences.  May not be suitable for children 17 and under.;2017;;Adult;Gaspar No├⌐;Karl Glusman, Klara Kristin, Aomi Muyock, Ugo Fox, Juan Saavedra, Gaspar No├⌐, Isabelle Nicou, Beno├«t Debie, Vincent Maraval, D├⌐borah R├⌐vy;France, Belgium;September 8, 2017;2015.0;135 min;Cult Movies, Dramas, Independent Movies;7.0;1485.0;0;['Drama'];0.664602;['Metro-Goldwyn-Mayer (MGM)'];1927-11-28;0.0;81.0;Movie
the oa;TV-MA;For mature audiences.  May not be suitable for children 17 and under.;2016;;Adult;;Brit Marling, Jason Isaacs, Emory Cohen, Scott Wilson, Phyllis Smith, Alice Krige, Patrick Gibson, Brendan Meyer, Brandon Perea, Ian Alexander, Will Brill, Riz Ahmed, Paz Vega;United States;;2019.0;2 Seasons;TV Dramas, TV Mysteries, TV Sci-Fi & Fantasy;7.9;100911.0;;;;;;;;TV Show
stranger things;TV-14;Parents strongly cautioned. May be unsuitable for children ages 14 and under.;2016;90.0;Teen;;Winona Ryder, David Harbour, Finn Wolfhard, Millie Bobby Brown, Gaten Matarazzo, Caleb McLaughlin, Natalia Dyer, Charlie Heaton, Cara Buono, Noah Schnapp, Matthew Modine, Joe Keery, Dacre Montgomery, Sadie Sink, Paul Reiser, Sean Astin;United States;;2019.0;3 Seasons;TV Horror, TV Mysteries, TV Sci-Fi & Fantasy;8.699999999999998;989090.0;;;;;;;;TV Show
ingobernable;TV-MA;For mature audiences.  May not be suitable for children 17 and under.;2017;96.0;Adult;;Kate del Castillo, Er├⌐ndira Ibarra, Alberto Guerra, Erik Hayser, Luis Roberto Guzm├ín, ├ülvaro Guerrero, Aida L├│pez, Fernando Luj├ín, Maxi Iglesias, Marianna Burelli, Maria del Carmen Far├¡as, Tamara Mazarraza, Marina de Tavira, Marco Antonio Trevi├▒o, Alicia Jaziz, Harold Torres, Alessio Valentini, Diego Cadavid, Hern├ín Del Riego;Mexico;;2018.0;2 Seasons;Crime TV Shows, International TV Shows, Spanish-Language TV Shows;7.2;3052.0;;;;;;;;TV Show
zootopia;PG;some thematic elements, rude humor and action;2016;97.0;Parental Guidance;;;;;;;;;;150000000;['Animation', 'Adventure', 'Family', 'Comedy'];26.024868;['Walt Disney Pictures', 'Walt Disney Animation Studios'];2016-02-11;1023784195.0;108.0;
meet the blacks;R;pervasive language, some sexual material, violence and drug use;2016;79.0;Adult;;;;;;;;;;0;['Comedy', 'Horror'];3.569379;['Freestyle Releasing', 'Hidden Empire Film'];2016-04-01;0.0;90.0;
finding dory;PG;mild thematic elements;2016;98.0;Parental Guidance;;;;;;;;;;200000000;['Adventure', 'Animation', 'Comedy', 'Family'];14.477677;['Walt Disney Pictures', 'Pixar Animation Studios', 'Hurwitz Creative'];2016-06-16;1028570889.0;97.0;
sausage party;R;strong crude sexual content, pervasive language, and drug use;2016;91.0;Adult;;;;;;;;;;19000000;['Adventure', 'Animation', 'Comedy', 'Fantasy'];17.56963;['Columbia Pictures', 'Sony Pictures Animation', 'Sony Pictures Entertainment', 'Annapurna Pictures', 'Point Grey Pictures', 'Nitrogen Studios Canada'];2016-07-11;140705322.0;83.0;
pete's dragon;PG;for action, peril and brief language;2016;93.0;Parental Guidance;;;;;;;;;;10000000;['Fantasy', 'Animation', 'Comedy', 'Family'];7.644722;['Walt Disney Productions'];1977-11-03;0.0;128.0;
pete's dragon;PG;for action, peril and brief language;2016;93.0;Parental Guidance;;;;;;;;;;65000000;['Adventure', 'Family', 'Fantasy'];12.189941;['Walt Disney Pictures', 'Walt Disney Studios Motion Pictures'];2016-08-10;143695338.0;102.0;
kevin hart: what now?;R;some sexual material, and language throughout;2016;97.0;Adult;Leslie Small;Kevin Hart, Don Cheadle, Halle Berry, Ed Helms, David Meunier;United States;April 11, 2017;2016.0;96 min;Stand-Up Comedy;5.9;9458.0;;;;;;;;Movie
the discovery;TV-MA;For mature audiences.  May not be suitable for children 17 and under.;2017;;Adult;Charlie McDowell;Jason Segel, Rooney Mara, Robert Redford, Riley Keough, Jesse Plemons, Ron Canada;United States;March 31, 2017;2017.0;102 min;Dramas, Independent Movies, Romantic Movies;6.2;33579.0;0;['Drama', 'Romance', 'Science Fiction', 'Thriller'];6.803535;['Endgame Entertainment', 'Protagonist Pictures', 'Netflix'];2017-03-31;0.0;102.0;Movie
chewing gum;TV-MA;For mature audiences.  May not be suitable for children 17 and under.;2017;93.0;Adult;;Michaela Coel, John Macmillan, Robert Lonsdale, Danielle Walters, Kadiff Kirwan, Susan Wokoma, Shola Adewusi, Sarah Hoare, Abby Rakic-Platt, Maggie Steed, Olisa Odele;United Kingdom;;2017.0;2 Seasons;British TV Shows, International TV Shows, Romantic TV Shows;;;;;;;;;;TV Show
cheer squad;TV-PG;Parental guidance suggested. May not be suitable for all children.;2016;61.0;Parental Guidance;;;United States;March 14, 2017;2016.0;1 Season;Reality TV, Teen TV Shows;7.2;166.0;;;;;;;;TV Show
only for one night;TV-MA;For mature audiences.  May not be suitable for children 17 and under.;2016;78.0;Adult;;;;;;;;;;3500000;['Thriller'];0.698883;['Footage Films'];2016-10-01;0.0;87.0;
the life aquatic with steve zissou;R;language, some drug use, violence and partial nudity;2004;;Adult;;;;;;;;;;50000000;['Adventure', 'Comedy', 'Drama'];6.936677;['Touchstone Pictures', 'American Empirical Pictures'];2004-12-10;34808403.0;119.0;
the l word;TV-MA;For mature audiences.  May not be suitable for children 17 and under.;2009;;Adult;;Jennifer Beals, Leisha Hailey, Laurel Holloman, Mia Kirshner, Katherine Moennig, Pam Grier, Rachel Shelley, Daniela Sea, Erin Daniels, Marlee Matlin;Canada, United States;;2009.0;6 Seasons;Romantic TV Shows, TV Dramas;;;;;;;;;;TV Show
30 rock;TV-14;Parents strongly cautioned. May be unsuitable for children ages 14 and under.;2012;66.0;Teen;;;;;;;;8.3;121514.0;;;;;;;;SHOW
mad men;TV-14;Parents strongly cautioned. May be unsuitable for children ages 14 and under.;2014;75.0;Teen;;Jon Hamm, Elisabeth Moss, Vincent Kartheiser, January Jones, Christina Hendricks, Aaron Staton, Rich Sommer, John Slattery, Kiernan Shipka, Robert Morse, Michael Gladis, Christopher Stanley, Bryan Batt, Jared Harris, Jessica Par├⌐, Alison Brie, Jay R. Ferguson, Ben Feldman, Mark Moses, Alexa Alemanni, Julie McNiven;United States;;2014.0;7 Seasons;TV Dramas;;;;;;;;;;TV Show
it's always sunny in philadelphia;TV-MA;For mature audiences.  May not be suitable for children 17 and under.;2016;91.0;Adult;;;;;;;;;;;;;;;;;
californication;TV-MA;For mature audiences.  May not be suitable for children 17 and under.;2014;63.0;Adult;;;;;;;;;;;;;;;;;
portlandia;TV-14;Parents strongly cautioned. May be unsuitable for children ages 14 and under.;2016;62.0;Teen;;Fred Armisen, Carrie Brownstein;United States;;2018.0;8 Seasons;TV Comedies;;;;;;;;;;TV Show
don't trust the b---- in apartment 23;TV-14;Parents strongly cautioned. May be unsuitable for children ages 14 and under.;2012;;Teen;;;;;;;;;;;;;;;;;
friends with benefits;TV-14;Parents strongly cautioned. May be unsuitable for children ages 14 and under.;2011;;Teen;;;;;;;;;;35000000;['Romance', 'Comedy'];10.009007;['Castle Rock Entertainment', 'Screen Gems', 'Olive Bridge Entertainment'];2011-07-21;150483765.0;109.0;
the client list;TV-14;Parents strongly cautioned. May be unsuitable for children ages 14 and under.;2013;92.0;Teen;;;;;;;;;;0;['Drama'];3.723562;['Sony Pictures Television', 'Jaffe / Braunstein Entertainment', 'Fedora Films'];2010-07-19;0.0;88.0;
halt and catch fire;TV-14;Parents strongly cautioned. May be unsuitable for children ages 14 and under.;2016;;Teen;;Lee Pace, Scoot McNairy, Mackenzie Davis, Kerry Bish├⌐, Toby Huss, Aleksa Palladino, David Wilson Barnes, Morgan Hinkleman, James Cromwell, Manish Dayal, Annabeth Gish;United States;;2017.0;4 Seasons;TV Dramas;;;;;;;;;;TV Show
5 to 7;R;some sexual material;2014;;Adult;Victor Levin;Anton Yelchin, B├⌐r├⌐nice Marlohe, Olivia Thirlby, Lambert Wilson, Frank Langella, Glenn Close;United States;March 16, 2017;2014.0;97 min;Comedies, Dramas, Romantic Movies;;;0;['Comedy', 'Romance'];6.852262;['IFC Films', 'Mockingbird Pictures', 'Demarest Films'];2014-04-19;0.0;98.0;Movie
chef's table;TV-MA;For mature audiences.  May not be suitable for children 17 and under.;2017;;Adult;;;United States;;2019.0;6 Seasons;Docuseries, Reality TV;8.5;15176.0;;;;;;;;TV Show
documentary now!;TV-14;Parents strongly cautioned. May be unsuitable for children ages 14 and under.;2016;;Teen;;Fred Armisen, Bill Hader, Helen Mirren;United States;;2019.0;3 Seasons;TV Comedies;8.1;6445.0;;;;;;;;TV Show
better call saul;TV-MA;For mature audiences.  May not be suitable for children 17 and under.;2016;95.0;Adult;;Bob Odenkirk, Jonathan Banks, Michael McKean, Rhea Seehorn, Patrick Fabian, Michael Mando, Giancarlo Esposito;United States;;2017.0;3 Seasons;Crime TV Shows, TV Comedies, TV Dramas;8.8;404920.0;;;;;;;;TV Show
schitt's creek;TV-14;Parents strongly cautioned. May be unsuitable for children ages 14 and under.;2016;74.0;Teen;;Eugene Levy, Catherine O'Hara, Daniel Levy, Annie Murphy, Chris Elliott, Jennifer Robertson, Emily Hampshire, Tim Rozon, Sarah Levy, Dustin Milligan;Canada, United States;;2019.0;5 Seasons;TV Comedies;8.5;112537.0;;;;;;;;TV Show
lovesick;TV-MA;For mature audiences.  May not be suitable for children 17 and under.;2016;;Adult;;Kongyingyong Chonlathorn, Phumphothingam Nawat, Luangsodsai Anupart, Nuchanart Veerakaarn, Chindavanich Primrose, Charnmanoon Pannin, Nungira Hanwutinanon, Ausavaterakul Ausavapat, Sirikiet Saejea, Nontapan Chuenwarin;;September 3, 2018;2014.0;1 Season;International TV Shows, Romantic TV Shows, TV Dramas;8.1;19259.0;0;['Romance', 'Comedy', 'Fantasy'];0.013577;['Warner Bros.', 'The Ladd Company'];1983-02-18;0.0;96.0;TV Show
lovesick;TV-MA;For mature audiences.  May not be suitable for children 17 and under.;2016;;Adult;;Kongyingyong Chonlathorn, Phumphothingam Nawat, Luangsodsai Anupart, Nuchanart Veerakaarn, Chindavanich Primrose, Charnmanoon Pannin, Nungira Hanwutinanon, Ausavaterakul Ausavapat, Sirikiet Saejea, Nontapan Chuenwarin;;September 3, 2018;2014.0;1 Season;International TV Shows, Romantic TV Shows, TV Dramas;8.1;19259.0;0;['Romance', 'Comedy'];3.651781;['Night and Day Pictures', 'Full Blitz Entertainment'];2014-04-24;0.0;100.0;TV Show
lovesick;TV-MA;For mature audiences.  May not be suitable for children 17 and under.;2016;;Adult;;Johnny Flynn, Antonia Thomas, Daniel Ings, Hannah Britland, Joshua McGuire, Richard Thomson, Jessica Ellerby;United Kingdom;;2018.0;3 Seasons;British TV Shows, International TV Shows, Romantic TV Shows;8.1;19259.0;0;['Romance', 'Comedy', 'Fantasy'];0.013577;['Warner Bros.', 'The Ladd Company'];1983-02-18;0.0;96.0;TV Show
lovesick;TV-MA;For mature audiences.  May not be suitable for children 17 and under.;2016;;Adult;;Johnny Flynn, Antonia Thomas, Daniel Ings, Hannah Britland, Joshua McGuire, Richard Thomson, Jessica Ellerby;United Kingdom;;2018.0;3 Seasons;British TV Shows, International TV Shows, Romantic TV Shows;8.1;19259.0;0;['Romance', 'Comedy'];3.651781;['Night and Day Pictures', 'Full Blitz Entertainment'];2014-04-24;0.0;100.0;TV Show
flaked;TV-MA;For mature audiences.  May not be suitable for children 17 and under.;2016;;Adult;;Will Arnett, David Sullivan, Ruth Kearney, George Basil, Lina Esco, Travis Mills, Robert Wisdom, Mark Boone Junior, Matthew Willig, Heather Graham, Kirstie Alley, Sab Shimono, Christopher Mintz-Plasse, Minerva Garcia, Jeff Daniel Phillips;United States;;2017.0;2 Seasons;TV Comedies, TV Dramas;7.2;11264.0;;;;;;;;TV Show
master of none;TV-MA;For mature audiences.  May not be suitable for children 17 and under.;2015;;Adult;;Aziz Ansari, No├½l Wells, Eric Wareheim, Lena Waithe, Kelvin Yu, Fatima Ansari, Shoukath Ansari, Alessandra Mastronardi, Bobby Cannavale;United States;;2017.0;2 Seasons;TV Comedies;8.3;72341.0;;;;;;;;TV Show
chelsea;TV-MA;For mature audiences.  May not be suitable for children 17 and under.;2017;;Adult;;;United States;;2017.0;2 Seasons;Stand-Up Comedy & Talk Shows, TV Comedies;6.1;2051.0;;;;;;;;TV Show
abstract: the art of design;TV-14;Parents strongly cautioned. May be unsuitable for children ages 14 and under.;2017;;Teen;;Christoph Niemann, Tinker Hatfield, Es Devlin, Bjarke Ingels, Paula Scher, Platon, Ilse Crawford, Ralph Gilles;United States;;2019.0;2 Seasons;Docuseries;8.4;5306.0;;;;;;;;TV Show
cooper barrett's guide to surviving life;TV-14;Parents strongly cautioned. May be unsuitable for children ages 14 and under.;2016;;Teen;;;;;;;;;;;;;;;;;
the great british baking show;TV-PG;Parental guidance suggested. May not be suitable for all children.;2016;94.0;Parental Guidance;Andy Devonshire;Mel Giedroyc, Sue Perkins, Mary Berry, Paul Hollywood;United Kingdom;;2019.0;7 Seasons;British TV Shows, Reality TV;8.6;9564.0;;;;;;;;TV Show
life in pieces;TV-14;Parents strongly cautioned. May be unsuitable for children ages 14 and under.;2015;68.0;Teen;;;;;;;;;;;;;;;;;
crazy ex-girlfriend;TV-14;Parents strongly cautioned. May be unsuitable for children ages 14 and under.;2017;;Teen;;Rachel Bloom, Vincent Rodriguez III, Santino Fontana, Donna Lynne Champlin, Pete Gardner, Vella Lovell, Gabrielle Ruiz, Scott Michael Foster;United States;;2019.0;4 Seasons;Romantic TV Shows, TV Comedies;7.8;19738.0;;;;;;;;TV Show
easy;TV-MA;For mature audiences.  May not be suitable for children 17 and under.;2016;;Adult;;Aubrey Plaza, Judy Greer, Jane Adams, Zazie Beetz, Kate Berlant, Aya Cash, Michael Chernus, Kiersey Clemons, Orlando Bloom, Malin Akerman, Marc Maron, Dave Franco, Hannibal Buress, Jake Johnson, Emily Ratajkowski, Andrew Bachelor;United States;;2019.0;3 Seasons;TV Comedies, TV Dramas;6.9;13569.0;0;['Comedy', 'Drama', 'Romance'];0.866653;['Curb Entertainment', 'Over Easy Productions'];2003-09-10;0.0;99.0;TV Show
no tomorrow;TV-14;Parents strongly cautioned. May be unsuitable for children ages 14 and under.;2016;;Teen;;Joshua Sasse, Tori Anderson, Jonathan Langdon, Sarayu Blue, Jesse Rath, Amy Pietz;United States;September 5, 2017;2016.0;1 Season;Romantic TV Shows, TV Comedies, TV Dramas;7.3;5101.0;0;[];0.005882;[];2010-01-01;0.0;0.0;TV Show
minimalism: a documentary about the important things;TV-PG;Parental guidance suggested. May not be suitable for all children.;2016;;Parental Guidance;Matt D'Avella;Joshua Fields Millburn, Ryan Nicodemus;United States;November 4, 2019;2016.0;78 min;Documentaries;6.7;15656.0;0;['Documentary'];2.425303;['Catalyst'];2015-09-26;0.0;79.0;Movie
hot girls wanted: turned on;TV-MA;For mature audiences.  May not be suitable for children 17 and under.;2017;;Adult;Jill Bauer, Ronna Gradus, Rashida Jones;;United States;April 21, 2017;2017.0;1 Season;Docuseries;6.6;2168.0;;;;;;;;TV Show
win it all;TV-MA;For mature audiences.  May not be suitable for children 17 and under.;2017;;Adult;Joe Swanberg;Jake Johnson, Aislinn Derbez, Joe Lo Truglio, Keegan-Michael Key, Nicky Excitement;United States;April 7, 2017;2017.0;89 min;Comedies, Independent Movies, Romantic Movies;6.2;9108.0;0;['Comedy'];4.096366;[];2017-03-11;0.0;88.0;Movie
merl??;TV-PG;Parental guidance suggested. May not be suitable for all children.;2015;;Parental Guidance;;;;;;;;;;;;;;;;;
amy schumer: the leather special;TV-MA;For mature audiences.  May not be suitable for children 17 and under.;2017;;Adult;Amy Schumer;Amy Schumer;United States;March 7, 2017;2017.0;57 min;Stand-Up Comedy;3.0;9753.0;0;['Comedy'];6.891989;['NetFlix'];2017-03-07;0.0;57.0;Movie
louis c.k. 2017;TV-MA;For mature audiences.  May not be suitable for children 17 and under.;2017;71.0;Adult;Louis C.K.;Louis C.K.;United States;April 4, 2017;2017.0;74 min;Movies;;;0;['Comedy'];4.296455;['Netflix'];2017-04-04;0.0;74.0;Movie
dave chappelle;TV-MA;For mature audiences.  May not be suitable for children 17 and under.;2017;94.0;Adult;Stan Lathan;Dave Chappelle;United States;March 21, 2017;2017.0;1 Season;Stand-Up Comedy & Talk Shows, TV Comedies;8.699999999999998;2753.0;;;;;;;;TV Show
almost adults;NR;This movie has not been rated.;2016;;Unrated;;;;;;;;;;0;['Comedy', 'Drama', 'Romance'];2.059825;[];2016-10-15;0.0;90.0;
the brothers;R;strong sexual content and language;2001;;Adult;;;;;;;;;;0;['Comedy', 'Drama', 'Romance'];5.028944;[];2001-03-23;0.0;106.0;
skins;TV-MA;For mature audiences.  May not be suitable for children 17 and under.;2013;;Adult;;Kaya Scodelario, Hannah Murray, Jack O'Connell, Kathryn Prescott, Lily Loveless, Nicholas Hoult, Joe Dempsie, Mike Bailey, April Pearson, Will Merrick, Freya Mavor, Laya Lewis, Ollie Barbieri, Dakota Blue Richards, Sean Teale, Larissa Wilson, Dev Patel, Mitch Hewer, Luke Pasqualino, Giles Thomas;United Kingdom;;2013.0;7 Seasons;British TV Shows, International TV Shows, TV Dramas;6.1;5686.0;0;['Action', 'Drama'];0.914404;['First Look Pictures', 'Starz! Encore Entertainment'];2002-01-14;249204.0;84.0;TV Show
skins;TV-MA;For mature audiences.  May not be suitable for children 17 and under.;2013;;Adult;;Kaya Scodelario, Hannah Murray, Jack O'Connell, Kathryn Prescott, Lily Loveless, Nicholas Hoult, Joe Dempsie, Mike Bailey, April Pearson, Will Merrick, Freya Mavor, Laya Lewis, Ollie Barbieri, Dakota Blue Richards, Sean Teale, Larissa Wilson, Dev Patel, Mitch Hewer, Luke Pasqualino, Giles Thomas;United Kingdom;;2013.0;7 Seasons;British TV Shows, International TV Shows, TV Dramas;6.1;5686.0;0;['Drama', 'Comedy'];3.293257;['NetFlix', 'Nadie es Perfecto', 'Pokeepsie Films', 'The Other Side Films'];2017-04-15;0.0;78.0;TV Show
skins;TV-MA;For mature audiences.  May not be suitable for children 17 and under.;2013;;Adult;Eduardo Casanova;Ana Polvorosa, Candela Pe├▒a, Macarena G├│mez, Carmen Machi, Jon Kortajarena, Secun de la Rosa, Itziar Castro, Antonio Dur├ín 'Morris', Joaqu├¡n Climent, Ana Mar├¡a Ayala, Eloi Costa;Spain;April 1, 2017;2017.0;78 min;Dramas, International Movies;6.1;5686.0;0;['Action', 'Drama'];0.914404;['First Look Pictures', 'Starz! Encore Entertainment'];2002-01-14;249204.0;84.0;Movie
skins;TV-MA;For mature audiences.  May not be suitable for children 17 and under.;2013;;Adult;Eduardo Casanova;Ana Polvorosa, Candela Pe├▒a, Macarena G├│mez, Carmen Machi, Jon Kortajarena, Secun de la Rosa, Itziar Castro, Antonio Dur├ín 'Morris', Joaqu├¡n Climent, Ana Mar├¡a Ayala, Eloi Costa;Spain;April 1, 2017;2017.0;78 min;Dramas, International Movies;6.1;5686.0;0;['Drama', 'Comedy'];3.293257;['NetFlix', 'Nadie es Perfecto', 'Pokeepsie Films', 'The Other Side Films'];2017-04-15;0.0;78.0;Movie
the cleveland show;TV-14;Parents strongly cautioned. May be unsuitable for children ages 14 and under.;2012;88.0;Teen;;;;;;;;;;;;;;;;;
absolutely fabulous;TV-14;Parents strongly cautioned. May be unsuitable for children ages 14 and under.;2012;59.0;Teen;;;;;;;;;;;;;;;;;
raising hope;TV-14;Parents strongly cautioned. May be unsuitable for children ages 14 and under.;2013;73.0;Teen;;;;;;;;;;;;;;;;;
come fly with me;TV-14;Parents strongly cautioned. May be unsuitable for children ages 14 and under.;2010;;Teen;;;;;;;;;;;;;;;;;
brickleberry;TV-MA;For mature audiences.  May not be suitable for children 17 and under.;2014;63.0;Adult;;;;;;;;;;;;;;;;;
bojack horseman;TV-MA;For mature audiences.  May not be suitable for children 17 and under.;2016;;Adult;;Will Arnett, Aaron Paul, Amy Sedaris, Alison Brie, Paul F. Tompkins;United States;;2019.0;6 Seasons;TV Comedies;8.8;143584.0;;;;;;;;TV Show
being mary jane: the series;TV-14;Parents strongly cautioned. May be unsuitable for children ages 14 and under.;2016;;Teen;;Gabrielle Union, Lisa Vidal, Margaret Avery, Omari Hardwick, Latarsha Rose, Aaron D. Spears, B.J. Britt, Raven Goodwin, Richard Roundtree;United States;;2016.0;4 Seasons;Romantic TV Shows, TV Dramas;;;;;;;;;;TV Show
unbreakable kimmy schmidt;TV-14;Parents strongly cautioned. May be unsuitable for children ages 14 and under.;2016;;Teen;;Ellie Kemper, Jane Krakowski, Tituss Burgess, Carol Kane;United States;;2019.0;4 Seasons;TV Comedies;7.6;70242.0;;;;;;;;TV Show
bordertown;TV-14;Parents strongly cautioned. May be unsuitable for children ages 14 and under.;2016;86.0;Teen;;Ville Virtanen, Matleena Kuusniemi, Anu Sinisalo, Lenita Susi, Kristiina Halttu, Olivia Ainali, Ilkka Villi, Max Bremer, Matti Laine, Jasmin Hamid;Finland, France;;2018.0;2 Seasons;Crime TV Shows, International TV Shows, TV Dramas;7.6;10371.0;0;['Crime', 'Drama'];1.588639;['Warner Bros.'];1935-01-23;0.0;90.0;TV Show
bordertown;TV-14;Parents strongly cautioned. May be unsuitable for children ages 14 and under.;2016;86.0;Teen;;Ville Virtanen, Matleena Kuusniemi, Anu Sinisalo, Lenita Susi, Kristiina Halttu, Olivia Ainali, Ilkka Villi, Max Bremer, Matti Laine, Jasmin Hamid;Finland, France;;2018.0;2 Seasons;Crime TV Shows, International TV Shows, TV Dramas;7.6;10371.0;21000000;['Crime', 'Drama', 'Mystery'];7.814821;['Mosaic Media Group', 'El Norte Productions', 'Nuyorican Productions', 'Mobius Entertainment Ltd.'];2006-05-18;0.0;112.0;TV Show
jane the virgin;TV-14;Parents strongly cautioned. May be unsuitable for children ages 14 and under.;2016;91.0;Teen;;Gina Rodriguez, Andrea Navedo, Yael Grobglas, Justin Baldoni, Ivonne Coll, Brett Dier, Jaime Camil, Anthony Mendez;United States;;2019.0;5 Seasons;Romantic TV Shows, TV Comedies, TV Dramas;7.8;46286.0;;;;;;;;TV Show
dope;R;language, drug content, sexuality/nudity, and some violence-all involving teens;2015;79.0;Adult;;;United States;;2019.0;3 Seasons;Crime TV Shows, Docuseries;7.3;1643.0;700000;['Crime', 'Drama', 'Comedy'];7.948581;"[""Forest Whitaker's Significant Productions"", 'Revolt Films', 'IamOTHER Entertainment']";2015-06-19;17986781.0;103.0;TV Show
the carmichael show;TV-14;Parents strongly cautioned. May be unsuitable for children ages 14 and under.;2016;69.0;Teen;;;;;;;;;;;;;;;;;
november rule;TV-14;Parents strongly cautioned. May be unsuitable for children ages 14 and under.;2015;;Teen;;;;;;;;;;0;['Comedy'];1.603694;[];2015-02-14;0.0;94.0;
haters back off;TV-14;Parents strongly cautioned. May be unsuitable for children ages 14 and under.;2016;58.0;Teen;;Colleen Ballinger, Angela Kinsey, Steve Little, Francesca Reale, Erik Stocklin, Matt Besser;United States;;2017.0;2 Seasons;TV Comedies, Teen TV Shows;6.1;7183.0;;;;;;;;TV Show
kubo and the two strings;PG;thematic elements, scary images, action and peril;2016;96.0;Parental Guidance;;;;;;;;;;60000000;['Animation', 'Adventure', 'Family'];12.321832;['Laika Entertainment'];2016-08-18;69929545.0;102.0;
skins;TV-MA;For mature audiences.  May not be suitable for children 17 and under.;2017;;Adult;;Kaya Scodelario, Hannah Murray, Jack O'Connell, Kathryn Prescott, Lily Loveless, Nicholas Hoult, Joe Dempsie, Mike Bailey, April Pearson, Will Merrick, Freya Mavor, Laya Lewis, Ollie Barbieri, Dakota Blue Richards, Sean Teale, Larissa Wilson, Dev Patel, Mitch Hewer, Luke Pasqualino, Giles Thomas;United Kingdom;;2013.0;7 Seasons;British TV Shows, International TV Shows, TV Dramas;6.1;5686.0;0;['Action', 'Drama'];0.914404;['First Look Pictures', 'Starz! Encore Entertainment'];2002-01-14;249204.0;84.0;TV Show
skins;TV-MA;For mature audiences.  May not be suitable for children 17 and under.;2017;;Adult;;Kaya Scodelario, Hannah Murray, Jack O'Connell, Kathryn Prescott, Lily Loveless, Nicholas Hoult, Joe Dempsie, Mike Bailey, April Pearson, Will Merrick, Freya Mavor, Laya Lewis, Ollie Barbieri, Dakota Blue Richards, Sean Teale, Larissa Wilson, Dev Patel, Mitch Hewer, Luke Pasqualino, Giles Thomas;United Kingdom;;2013.0;7 Seasons;British TV Shows, International TV Shows, TV Dramas;6.1;5686.0;0;['Drama', 'Comedy'];3.293257;['NetFlix', 'Nadie es Perfecto', 'Pokeepsie Films', 'The Other Side Films'];2017-04-15;0.0;78.0;TV Show
skins;TV-MA;For mature audiences.  May not be suitable for children 17 and under.;2017;;Adult;Eduardo Casanova;Ana Polvorosa, Candela Pe├▒a, Macarena G├│mez, Carmen Machi, Jon Kortajarena, Secun de la Rosa, Itziar Castro, Antonio Dur├ín 'Morris', Joaqu├¡n Climent, Ana Mar├¡a Ayala, Eloi Costa;Spain;April 1, 2017;2017.0;78 min;Dramas, International Movies;6.1;5686.0;0;['Action', 'Drama'];0.914404;['First Look Pictures', 'Starz! Encore Entertainment'];2002-01-14;249204.0;84.0;Movie
skins;TV-MA;For mature audiences.  May not be suitable for children 17 and under.;2017;;Adult;Eduardo Casanova;Ana Polvorosa, Candela Pe├▒a, Macarena G├│mez, Carmen Machi, Jon Kortajarena, Secun de la Rosa, Itziar Castro, Antonio Dur├ín 'Morris', Joaqu├¡n Climent, Ana Mar├¡a Ayala, Eloi Costa;Spain;April 1, 2017;2017.0;78 min;Dramas, International Movies;6.1;5686.0;0;['Drama', 'Comedy'];3.293257;['NetFlix', 'Nadie es Perfecto', 'Pokeepsie Films', 'The Other Side Films'];2017-04-15;0.0;78.0;Movie
a weekend with the family;TV-MA;For mature audiences.  May not be suitable for children 17 and under.;2016;;Adult;;;;;;;;;;;;;;;;;
crazyhead;TV-MA;For mature audiences.  May not be suitable for children 17 and under.;2016;;Adult;;Cara Theobold, Susan Wokoma, Riann Steele, Arinz├⌐ Kene, Lewis Reeves, Tony Curran;United Kingdom;December 16, 2016;2016.0;1 Season;British TV Shows, International TV Shows, TV Comedies;7.2;4985.0;;;;;;;;TV Show
queen of katwe;PG;thematic elements, an accident scene and some suggestive material;2016;;Parental Guidance;;;;;;;;;;15000000;['Drama'];6.164561;['Walt Disney Pictures', 'Walt Disney Productions', 'ESPN films'];2016-09-23;10367161.0;124.0;
little boxes;TV-14;Parents strongly cautioned. May be unsuitable for children ages 14 and under.;2016;61.0;Teen;Rob Meyer;Melanie Lynskey, Nelsan Ellis, Armani Jackson, Oona Laurence, Janeane Garofalo, Christine Taylor, Nadia Dajani, Veanne Cox, Will Janowitz, Julie Hays;United States;June 1, 2017;2016.0;89 min;Comedies, Dramas, Independent Movies;5.9;1971.0;;;;;;;;Movie
deidra & laney rob a train;TV-14;Parents strongly cautioned. May be unsuitable for children ages 14 and under.;2017;;Teen;Sydney Freeland;Rachel Crow, Ashleigh Murray, Sasheer Zamata, Danielle Nicolet, David Sullivan, Tim Blake Nelson, Missi Pyle, Arturo Castro, Sharon Lawrence, Brooke Markham, Kinna McInroe, Myko Olivier, Lance Gray;United States;March 17, 2017;2017.0;92 min;Comedies, Dramas, Independent Movies;6.0;1887.0;0;['Drama', 'Comedy', 'Crime'];2.487073;[];2017-01-23;0.0;92.0;Movie
hurricane bianca;TV-MA;For mature audiences.  May not be suitable for children 17 and under.;2016;;Adult;Matt Kugelman;"Roy Haylock, Bianca Leigh, Denton Blane Everett, Willam Belli, D.J. ""Shangela"" Pierce, Justin ""Alyssa Edwards"" Johnson, Molly Ryman, Ted Ferguson, Rachel Dratch, Alan Cumming, Margaret Cho, RuPaul";United States;January 1, 2017;2016.0;85 min;Comedies, Independent Movies, LGBTQ Movies;;;0;['Comedy'];6.59707;['Cranium Entertainment'];2016-06-03;0.0;84.0;Movie
honeytrap;NR;This movie has not been rated.;2014;;Unrated;;;;;;;;5.9;758.0;0;['Romance', 'Drama', 'Crime'];0.309684;['Finite Films', 'Bright Pictures', 'Creativity Capital'];2015-05-08;0.0;93.0;MOVIE
greenleaf;TV-14;Parents strongly cautioned. May be unsuitable for children ages 14 and under.;2016;62.0;Teen;;Merle Dandridge, Kim Hawthorne, Desiree Ross, Lamman Rucker, Tye White, Lynn Whitfield, Deborah Joy Winans, Keith David, Lovie Simone, Gregory Alan Williams, Oprah Winfrey;United States;;2018.0;3 Seasons;TV Dramas;7.3;5158.0;;;;;;;;TV Show
lazy eye;TV-MA;For mature audiences.  May not be suitable for children 17 and under.;2016;;Adult;;;;;;;;;;0;['Romance', 'Comedy', 'Drama'];0.316652;['T42 Entertainment'];2016-11-11;0.0;87.0;
like cotton twines;NR;This movie has not been rated.;2016;;Unrated;;;;;;;;;;;;;;;;;
the wedding party;TV-14;Parents strongly cautioned. May be unsuitable for children ages 14 and under.;2016;;Teen;Kemi Adetiba;Adesua Etomi, Banky Wellington, Richard Mofe-Damijo, Sola Sobowale, Iretiola Doyle, Alibaba Akporobome, Zainab Balogun, Beverly Naya, Enyinna Nwigwe;Nigeria;April 15, 2017;2016.0;101 min;Comedies, Dramas, International Movies;;;0;['Comedy'];0.242035;['GFP Medienfonds', 'TLA Releasing', 'Typhoon Film', 'Fanes Film', 'MMG Film & TV Production', 'Erfttal Film'];2005-04-21;0.0;92.0;Movie
the wedding party;TV-14;Parents strongly cautioned. May be unsuitable for children ages 14 and under.;2016;;Teen;Kemi Adetiba;Adesua Etomi, Banky Wellington, Richard Mofe-Damijo, Sola Sobowale, Iretiola Doyle, Alibaba Akporobome, Zainab Balogun, Beverly Naya, Enyinna Nwigwe;Nigeria;April 15, 2017;2016.0;101 min;Comedies, Dramas, International Movies;;;0;['Comedy', 'Romance'];0.349944;['Oudine Productions'];1969-04-09;43.0;92.0;Movie
boy bye;TV-MA;For mature audiences.  May not be suitable for children 17 and under.;2016;;Adult;Chris Stokes;Wendy Raquel Robinson, Ross Fleming, Shondrella Avery, Tammy Townsend, Omar Gooding, Tracy Davis, Veronika Bozeman, Kelly Perine, Valarie Pettiford;United States;April 2, 2019;2016.0;86 min;Comedies, Romantic Movies;;;;;;;;;;Movie
nancy drew;PG;Parental guidance suggested. May not be suitable for children.;2007;;Parental Guidance;;;;;;;;;;0;['Action', 'Adventure', 'Crime', 'Family', 'Mystery', 'Thriller'];5.172308;['Virtual Studios', 'Jerry Weintraub Productions', 'Warner Bros.'];2007-06-15;0.0;99.0;
nancy drew;PG;Parental guidance suggested. May not be suitable for children.;2007;;Parental Guidance;;;;;;;;;;0;['Mystery'];0.373368;['Touchstone Television', 'Bender Brown Productions'];2002-12-15;0.0;87.0;
nurse jackie;TV-MA;For mature audiences.  May not be suitable for children 17 and under.;2015;82.0;Adult;;Edie Falco, Merritt Wever, Paul Schulze, Peter Facinelli, Stephen Wallem, Eve Best, Dominic Fumusa, Ruby Jerins, Anna Deavere Smith;United States;;2015.0;7 Seasons;TV Comedies, TV Dramas;;;;;;;;;;TV Show
drop dead diva;TV-PG;Parental guidance suggested. May not be suitable for all children.;2014;;Parental Guidance;;;;;;;;;;;;;;;;;
gilmore girls;TV-14;Parents strongly cautioned. May be unsuitable for children ages 14 and under.;2006;91.0;Teen;;Lauren Graham, Alexis Bledel, Scott Patterson, Keiko Agena, Yanic Truesdale, Kelly Bishop, Edward Herrmann, Melissa McCarthy, Sean Gunn, Liza Weil, Liz Torres, Jared Padalecki;United States;;2006.0;7 Seasons;Romantic TV Shows, TV Comedies, TV Dramas;8.199999999999998;119054.0;;;;;;;;TV Show
parenthood;TV-14;Parents strongly cautioned. May be unsuitable for children ages 14 and under.;2014;79.0;Teen;;;;;;;;;;0;['Comedy', 'Drama', 'Family'];8.09806;['Imagine Entertainment', 'Universal Pictures'];1989-07-31;126297830.0;124.0;
life unexpected;TV-PG;Parental guidance suggested. May not be suitable for all children.;2010;55.0;Parental Guidance;;;;;;;;;;;;;;;;;
being human (u.s.);TV-14;Parents strongly cautioned. May be unsuitable for children ages 14 and under.;2014;58.0;Teen;;;;;;;;;;;;;;;;;
the carrie diaries;TV-14;Parents strongly cautioned. May be unsuitable for children ages 14 and under.;2013;;Teen;;;;;;;;;;;;;;;;;
baby daddy;TV-14;Parents strongly cautioned. May be unsuitable for children ages 14 and under.;2016;80.0;Teen;;;;;;;;;;;;;;;;;
the angriest man in brooklyn;R;Restricted. May be inappropriate for children 17 and under.;2014;;Adult;;;;;;;;;;0;['Drama', 'Comedy'];9.911949;['Landscape Entertainment', 'MICA Entertainment', 'Vedette Finance', 'Prominent Media Group'];2014-05-23;0.0;84.0;
sense8;TV-MA;For mature audiences.  May not be suitable for children 17 and under.;2017;81.0;Adult;;Tuppence Middleton, Brian J. Smith, Doona Bae, Max Riemelt, Naveen Andrews, Daryl Hannah, Freema Agyeman, Terrence Mann, Adam Shapiro, Max Mauff, Alfonso Herrera, Er├⌐ndira Ibarra, Aml Ameen, Jamie Clayton, Tina Desae, Miguel ├üngel Silvestre, Toby Onwumere, Joe Pantoliano;United States;;2018.0;2 Seasons;TV Dramas, TV Mysteries, TV Sci-Fi & Fantasy;8.199999999999998;151518.0;;;;;;;;TV Show
girlfriends' guide to divorce;TV-14;Parents strongly cautioned. May be unsuitable for children ages 14 and under.;2015;63.0;Teen;;Lisa Edelstein, Beau Garrett, Necar Zadegan, Paul Adelstein, Janeane Garofalo, Alanna Ubach;United States;;2019.0;5 Seasons;TV Comedies, TV Dramas;6.9;4523.0;;;;;;;;TV Show
fried;TV-MA;For mature audiences.  May not be suitable for children 17 and under.;2015;;Adult;;;;;;;;;;;;;;;;;
the great gilly hopkins;PG;for thematic material and language;2016;69.0;Parental Guidance;;;;;;;;;;5000000;['Comedy', 'Drama', 'Family'];3.206636;['Arcady Bay Entertainment'];2015-10-05;0.0;99.0;
the magicians;TV-MA;For mature audiences.  May not be suitable for children 17 and under.;2016;89.0;Adult;;Jason Ralph, Arjun Gupta, Hale Appleman, Stella Maeve, Summer Bishil, Olivia Taylor Dudley, Jade Tailor, Rick Worthy, Mackenzie Astin, Kacey Rohl, Charles Mesure, Keegan Connor Tracy, Trevor Einhorn;United States;;2018.0;3 Seasons;TV Dramas, TV Sci-Fi & Fantasy;7.6;49557.0;;;;;;;;TV Show
one day at a time;TV-PG;Parental guidance suggested. May not be suitable for all children.;2017;;Parental Guidance;;Justina Machado, Rita Moreno, Todd Grinnell, Isabella Gomez, Marcel Ruiz, Stephen Tobolowsky;United States;;2019.0;3 Seasons;TV Comedies;8.199999999999998;15669.0;;;;;;;;TV Show
better off single;TV-MA;For mature audiences.  May not be suitable for children 17 and under.;2016;;Adult;;;;;;;;;;0;['Comedy'];1.044526;['Beachfront Films', 'Red Square Pictures'];2016-10-07;0.0;85.0;
the matchbreaker;PG;Parental guidance suggested. May not be suitable for children.;2016;79.0;Parental Guidance;;;;;;;;;;0;['Romance', 'Comedy'];2.555849;['Vetter Brothers Filmworks'];2016-10-07;0.0;94.0;
tramps;TV-MA;For mature audiences.  May not be suitable for children 17 and under.;2017;;Adult;Adam Leon;Callum Turner, Grace Van Patten, Michal Vondel, Mike Birbiglia, Margaret Colin, Louis Cancelmi, Rachel Zeiger-Haag, Dane Martinez;United States;April 21, 2017;2017.0;83 min;Independent Movies, Romantic Movies;6.5;5460.0;2000000;['Comedy', 'Romance'];6.754817;['Animal Kingdom', 'Rooks Nest Entertainment'];2016-09-10;0.0;82.0;Movie
slam;TV-MA;For mature audiences.  May not be suitable for children 17 and under.;2017;;Adult;Andrea Molaioli;Ludovico Tersigni, Jasmine Trinca, Luca Marinelli, Barbara Ramella, Gianluca Broccatelli, Pietro Ragusa, Fiorenza Tessari;Italy;April 15, 2017;2017.0;99 min;Comedies, Dramas, International Movies;6.1;1308.0;1;['Drama'];0.555304;[];1998-10-07;0.0;100.0;Movie
slam;TV-MA;For mature audiences.  May not be suitable for children 17 and under.;2017;;Adult;Andrea Molaioli;Ludovico Tersigni, Jasmine Trinca, Luca Marinelli, Barbara Ramella, Gianluca Broccatelli, Pietro Ragusa, Fiorenza Tessari;Italy;April 15, 2017;2017.0;99 min;Comedies, Dramas, International Movies;6.1;1308.0;0;['Comedy'];5.372696;['Indigo Film', 'Rai Cinema'];2016-11-20;0.0;100.0;Movie
the waterboy;PG-13;language and some crude sexual humor;1998;82.0;Teen;Frank Coraci;Adam Sandler, Kathy Bates, Henry Winkler, Fairuza Balk, Jerry Reed, Lawrence Gilliard Jr., Blake Clark, Peter Dante, Jonathan Loughran, Al Whiting;United States;March 8, 2017;1998.0;90 min;Comedies, Sports Movies;;;23000000;['Comedy'];9.461823;['Touchstone Pictures'];1998-11-06;185991646.0;90.0;Movie
10 things i hate about you;PG-13;adult content, adult language and mild violence;1999;68.0;Teen;;;;;;;;;;16000000;['Comedy', 'Romance', 'Drama'];12.069966;['Mad Chance', 'Jaret Entertainment', 'Touchstone Pictures'];1999-03-30;53478166.0;97.0;
grease;PG;Parental guidance suggested. May not be suitable for children.;1978;86.0;Parental Guidance;Randal Kleiser;John Travolta, Olivia Newton-John, Stockard Channing, Jeff Conaway, Barry Pearl, Michael Tucci, Kelly Ward, Didi Conn, Jamie Donnelly, Dinah Manoff, Eve Arden, Dody Goodman, Sid Caesar, Joan Blondell, Frankie Avalon;United States;November 1, 2019;1978.0;110 min;Classic Movies, Comedies, Music & Musicals;;;6000000;['Romance'];7.854899;['Paramount Pictures', 'Robert Stigwood Organization (RSO)'];1978-07-07;181813770.0;110.0;Movie
how to lose a guy in 10 days;PG-13;some sex-related material;2003;56.0;Teen;;;;;;;;;;50000000;['Comedy', 'Romance'];5.188107;['Paramount Pictures'];2003-02-07;177371441.0;116.0;
the benchwarmers;PG-13;crude and suggestive humor, and for language;2006;77.0;Teen;;;;;;;;;;0;['Comedy'];10.318021;['Columbia Pictures', 'Revolution Studios', 'Happy Madison Productions'];2006-04-07;0.0;80.0;
step up;PG-13;thematic elements, brief violence and innuendo;2006;64.0;Teen;;;;;;;;;;12000000;['Music', 'Drama', 'Romance', 'Crime'];14.21769;['Summit Entertainment', 'Offspring Entertainment', 'Touchstone Pictures', 'Eketahuna LLC'];2006-08-11;114194847.0;104.0;
high school musical 2;TV-G;Suitable for all ages.;2007;58.0;Family;;;;;;;;;;0;['Comedy', 'Drama', 'Family', 'Music'];6.529094;['Disney Channel'];2007-08-17;7000000.0;104.0;
twilight;PG-13;some violence and one sexual scene;2008;89.0;Teen;;;;;;;;;;0;['Drama', 'Crime', 'Mystery', 'Thriller'];9.468224;['Paramount Pictures', 'Scott Rudin Productions', 'Cinehaus'];1998-03-06;0.0;94.0;
twilight;PG-13;some violence and one sexual scene;2008;89.0;Teen;;;;;;;;;;37000000;['Adventure', 'Fantasy', 'Drama', 'Romance'];31.282029;['Summit Entertainment', 'Maverick Films', 'Imprint Entertainment', 'Goldcrest Pictures', 'Temple Hill Entertainment', 'Twilight Productions'];2008-11-20;392616625.0;122.0;
coraline;PG;thematic elements, scary images, some language and suggestive humor;2009;95.0;Parental Guidance;Henry Selick;Dakota Fanning, Teri Hatcher, John Hodgman, Jennifer Saunders, Dawn French, Keith David, Robert Bailey Jr., Ian McShane;United States;March 16, 2017;2009.0;101 min;Children & Family Movies;;;60000000;['Animation', 'Family'];16.639915;['Focus Features', 'Laika Entertainment'];2009-02-05;124596398.0;100.0;Movie
hannah montana: the movie;G;General Audiences. Suitable for all ages.;2009;56.0;Family;;;;;;;;;;35000000;['Comedy', 'Drama', 'Family', 'Music', 'Romance'];6.332878;"['Walt Disney Pictures', ""It's a Laugh Productions"", 'Millar Gough Ink']";2009-04-10;155545279.0;102.0;
friday night lights;TV-PG;Parental guidance suggested. May not be suitable for all children.;2010;81.0;Parental Guidance;;;;;;;;8.699999999999998;64449.0;30000000;['Drama'];13.041943;['Universal Studios', 'Imagine Entertainment', 'Friday Night Lights LLC', 'MDBF Filmgesellschaft mbH & Company KG'];2004-10-08;61255921.0;118.0;SHOW
starstruck;TV-G;Suitable for all ages.;2010;;Family;;;;;;;;;;0;['Comedy', 'Music', 'Romance'];0.039514;['The Australian Film Commission', 'Palm Beach Pictures'];1982-04-08;0.0;105.0;
starstruck;TV-G;Suitable for all ages.;2010;;Family;;;;;;;;;;0;['Comedy', 'Romance', 'TV Movie'];5.458241;['Disney Channel'];2010-02-14;0.0;90.0;
mean girls 2;PG-13;For some rude and suggestive material, and for language.;2011;;Teen;;;;;;;;4.1;23287.0;0;['Comedy'];7.515436;['Paramount Famous Productions'];2011-01-23;0.0;96.0;MOVIE
that '70s show;TV-14;Parents strongly cautioned. May be unsuitable for children ages 14 and under.;2005;89.0;Teen;;Topher Grace, Mila Kunis, Ashton Kutcher, Danny Masterson, Laura Prepon, Wilmer Valderrama, Debra Jo Rupp, Kurtwood Smith, Don Stark, Tanya Roberts, Tommy Chong, Lisa Robin Kelly;United States;;2005.0;8 Seasons;TV Comedies;;;;;;;;;;TV Show
heartland;TV-PG;Parental guidance suggested. May not be suitable for all children.;2015;85.0;Parental Guidance;;Amber Marshall, Michelle Morgan, Graham Wardle, Shaun Johnston, Chris Potter, Jessica Amlee, Kerry James, Nathaniel Arcand;Canada;;2017.0;11 Seasons;TV Dramas;8.4;15743.0;;;;;;;;TV Show
switched at birth;TV-14;Parents strongly cautioned. May be unsuitable for children ages 14 and under.;2015;83.0;Teen;;;;;;;;;;;;;;;;;
hart of dixie;TV-PG;Parental guidance suggested. May not be suitable for all children.;2014;81.0;Parental Guidance;;Rachel Bilson, Jaime King, Cress Williams, Wilson Bethel, Scott Porter, Tim Matheson, Kaitlyn Black, Ross Philips;United States;;2014.0;4 Seasons;TV Comedies, TV Dramas;;;;;;;;;;TV Show
safe haven;PG-13;thematic material involving threatening behavior, and for violence and sexuality;2013;62.0;Teen;;;;;;;;;;28000000;['Romance'];7.598422;['Temple Hill Productions', 'Relativity Media'];2013-02-07;97594140.0;115.0;
the night shift;TV-14;Parents strongly cautioned. May be unsuitable for children ages 14 and under.;2015;93.0;Teen;;Eoin Macken, Jill Flint, Freddy Rodr├¡guez, Ken Leung, Brendan Fehr, Jeananne Goossen, J.R. Lemon, Robert Bailey Jr., Daniella Alonso, Catharine Pilafas;United States;;2017.0;4 Seasons;TV Dramas;7.5;12069.0;;;;;;;;TV Show
reign;TV-14;Parents strongly cautioned. May be unsuitable for children ages 14 and under.;2015;79.0;Teen;;Adelaide Kane, Megan Follows, Torrance Coombs, Toby Regbo, Jenessa Grant, Celina Sinden, Caitlin Stasey, Anna Popplewell, Alan Van Sprang, Rossif Sutherland, Jonathan Keltz, Sean Teale, Craig Parker;United States;;2017.0;4 Seasons;TV Dramas;7.5;47751.0;;;;;;;;TV Show
fuller house;TV-G;Suitable for all ages.;2016;90.0;Family;;Candace Cameron Bure, Jodie Sweetin, Andrea Barber, Michael Campion, Elias Harger, Soni Bringas, Dashiell Messitt, Fox Messitt, John Stamos, Bob Saget, Dave Coulier, Lori Loughlin, Scott Weinger, Blake Tuomy-Wilhoit, Dylan Tuomy-Wilhoit, John Brotherton, Juan Pablo Di Pace;United States;;2018.0;4 Seasons;TV Comedies;6.7;27148.0;;;;;;;;TV Show
gilmore girls: a year in the life;TV-14;Parents strongly cautioned. May be unsuitable for children ages 14 and under.;2016;77.0;Teen;;Lauren Graham, Alexis Bledel, Kelly Bishop, Scott Patterson, Yanic Truesdale, Matt Czuchry, Liza Weil, Milo Ventimiglia, Sean Gunn, Keiko Agena, Rose Abdoo, Melissa McCarthy;United States;November 25, 2016;2016.0;1 Season;TV Comedies, TV Dramas, Teen TV Shows;7.6;36359.0;;;;;;;;TV Show
gabriel lglesias: i???m sorry for what i said when i was hungry;TV-14;Parents strongly cautioned. May be unsuitable for children ages 14 and under.;2016;84.0;Teen;;;;;;;;;;;;;;;;;
the wedding planner;PG-13;language and some sexual humor;2001;;Teen;;;;;;;;;;35000000;['Comedy'];8.056016;['Columbia Pictures Corporation', 'Intermedia Films', 'Dee Gee Entertainment', 'Tapestry Films', 'Prufrock Pictures', 'IMF Internationale Medien und Film GmbH & Co. Produktions KG'];2001-01-26;94728529.0;103.0;
blow;R;pervasive drug content and language, some violence and sexuality;2001;78.0;Adult;Ted Demme;Johnny Depp, Pen├⌐lope Cruz, Franka Potente, Rachel Griffiths, Paul Reubens, Jordi Moll├á, Cliff Curtis, Miguel Sandoval, Ethan Suplee, Ray Liotta;United States;October 1, 2019;2001.0;123 min;Dramas;7.5;255099.0;53000000;['Crime', 'Drama'];12.332223;['New Line Cinema'];2001-04-04;83282296.0;124.0;Movie
high school musical;TV-G;Suitable for all ages.;2006;64.0;Family;;;;;;;;;;4200000;['Comedy', 'Drama', 'Family', 'Music', 'TV Movie'];10.187478;['Disney Channel'];2006-01-20;0.0;98.0;
bones;TV-14;Parents strongly cautioned. May be unsuitable for children ages 14 and under.;2016;97.0;Teen;;;;;;;;;;10000000;['Action', 'Horror', 'Thriller'];6.513545;['New Line Cinema'];2001-10-24;7316658.0;96.0;
law & order: special victims unit;TV-14;Parents strongly cautioned. May be unsuitable for children ages 14 and under.;2015;97.0;Teen;;;;;;;;;;;;;;;;;
ncis;TV-14;Parents strongly cautioned. May be unsuitable for children ages 14 and under.;2016;97.0;Teen;;Mark Harmon, Michael Weatherly, Pauley Perrette, David McCallum, Sean Murray, Cote de Pablo, Brian Dietzen, Rocky Carroll, Lauren Holly, Sasha Alexander, Joe Spano, Alan Dale, Emily Wickersham, Pancho Demmings;United States;;2017.0;15 Seasons;Crime TV Shows, TV Dramas, TV Mysteries;7.8;141049.0;;;;;;;;TV Show
army wives;TV-14;Parents strongly cautioned. May be unsuitable for children ages 14 and under.;2013;61.0;Teen;;;;;;;;;;;;;;;;;
private practice;TV-14;Parents strongly cautioned. May be unsuitable for children ages 14 and under.;2012;88.0;Teen;;;;;;;;;;;;;;;;;
revenge;TV-PG;Parental guidance suggested. May not be suitable for all children.;2015;84.0;Parental Guidance;;Lalita Panyopas, Saksit Tangtong, Tao Somchai Khemklad, Tack Parunyu Rojanawuttitum, Pongsatorn Jongwilas, Chaleumpol Tikumpornteerawong, Akarin Akaranitimaytharatt, Kanthi Pitithan, Plerng Pollapakk Vacharaponghiran, Kritteera Inpornwijit;;May 2, 2019;2017.0;1 Season;Crime TV Shows, International TV Shows, TV Dramas;;;0;['Thriller', 'Drama', 'Romance', 'Crime'];7.429491;['Columbia Pictures', 'New World Pictures'];1990-02-16;15645616.0;123.0;TV Show
revenge;TV-PG;Parental guidance suggested. May not be suitable for all children.;2015;84.0;Parental Guidance;;Lalita Panyopas, Saksit Tangtong, Tao Somchai Khemklad, Tack Parunyu Rojanawuttitum, Pongsatorn Jongwilas, Chaleumpol Tikumpornteerawong, Akarin Akaranitimaytharatt, Kanthi Pitithan, Plerng Pollapakk Vacharaponghiran, Kritteera Inpornwijit;;May 2, 2019;2017.0;1 Season;Crime TV Shows, International TV Shows, TV Dramas;;;0;['Action', 'Crime', 'Thriller'];0.070329;['Casa de Filme 5'];1978-11-12;0.0;0.0;TV Show
revenge;TV-PG;Parental guidance suggested. May not be suitable for all children.;2015;84.0;Parental Guidance;;Lalita Panyopas, Saksit Tangtong, Tao Somchai Khemklad, Tack Parunyu Rojanawuttitum, Pongsatorn Jongwilas, Chaleumpol Tikumpornteerawong, Akarin Akaranitimaytharatt, Kanthi Pitithan, Plerng Pollapakk Vacharaponghiran, Kritteera Inpornwijit;;May 2, 2019;2017.0;1 Season;Crime TV Shows, International TV Shows, TV Dramas;;;0;['Drama'];0.151977;['Kazakhfilm Studios'];1989-01-01;0.0;100.0;TV Show
scandal;TV-14;Parents strongly cautioned. May be unsuitable for children ages 14 and under.;2016;92.0;Teen;;Kerry Washington, Columbus Short, Darby Stanchfield, Katie Lowes, Guillermo D├¡az, Joshua Malina, Jeff Perry, Bellamy Young, Tony Goldwyn, Scott Foley;United States;;2018.0;7 Seasons;Crime TV Shows, TV Dramas;;;0;['Drama', 'History', 'Romance'];2.132858;['Miramax Films', 'Palace Pictures', 'British Screen Productions'];1989-03-03;8800000.0;115.0;TV Show
scandal;TV-14;Parents strongly cautioned. May be unsuitable for children ages 14 and under.;2016;92.0;Teen;;Kerry Washington, Columbus Short, Darby Stanchfield, Katie Lowes, Guillermo D├¡az, Joshua Malina, Jeff Perry, Bellamy Young, Tony Goldwyn, Scott Foley;United States;;2018.0;7 Seasons;Crime TV Shows, TV Dramas;;;0;['Drama'];1.215475;['Shochiku Company', 'Sh├┤chiku Eiga'];1950-04-30;0.0;104.0;TV Show
magic mike;R;pervasive sexual content, brief graphic nudity, language and some drug use;2012;77.0;Adult;;;;;;;;;;7000000;['Drama', 'Comedy'];8.732425;['Extension 765', 'Iron Horse Entertainment (II)'];2012-06-28;167221571.0;110.0;
trouble with the curve;PG-13;Parents strongly cautioned. May be inappropriate for children under 13.;2012;63.0;Teen;;;;;;;;;;0;['Drama', 'Romance'];6.032041;['Malpaso Productions', 'Warner Bros.'];2012-09-21;0.0;111.0;
home;PG;mild action and some rude humor;2015;94.0;Parental Guidance;;;;;;;;6.6;100705.0;0;['Documentary'];6.05028;['Europa Corp.', 'Elz├⌐vir Films', 'France 2 (FR2)'];2009-06-03;0.0;95.0;MOVIE
home;PG;mild action and some rude humor;2015;94.0;Parental Guidance;;;;;;;;6.6;100705.0;0;['Drama'];1.605963;[];2008-10-29;0.0;98.0;MOVIE
home;PG;mild action and some rude humor;2015;94.0;Parental Guidance;;;;;;;;6.6;100705.0;135000000;['Fantasy', 'Comedy', 'Animation', 'Science Fiction', 'Family'];13.422713;['Twentieth Century Fox Film Corporation', 'DreamWorks Animation'];2015-03-18;368871007.0;94.0;MOVIE
home;PG;mild action and some rude humor;2015;94.0;Parental Guidance;;;;;;;;6.6;100705.0;0;[];0.674967;[];2013-11-22;0.0;112.0;MOVIE
home;PG;mild action and some rude humor;2015;94.0;Parental Guidance;;;;;;;;6.6;100705.0;0;['Drama'];0.807773;[];2011-11-03;0.0;127.0;MOVIE
home;PG;mild action and some rude humor;2015;94.0;Parental Guidance;;;;;;;;6.6;100705.0;0;['Horror', 'Drama', 'Family'];0.548523;['A & D Studios'];2016-03-01;0.0;87.0;MOVIE
skin wars;TV-14;Parents strongly cautioned. May be unsuitable for children ages 14 and under.;2016;69.0;Teen;;Rebecca Romijn, RuPaul, Robin Slonina, Craig Tracy;United States;;2016.0;3 Seasons;Reality TV;;;;;;;;;;TV Show
felipe neto: my life makes no sense;TV-MA;For mature audiences.  May not be suitable for children 17 and under.;2017;;Adult;Diego Pignataro;Felipe Neto;Brazil;March 24, 2017;2017.0;91 min;Stand-Up Comedy;4.4;245.0;;;;;;;;Movie
lost;TV-14;Parents strongly cautioned. May be unsuitable for children ages 14 and under.;2010;98.0;Teen;;;;;;;;;;;;;;;;;
weeds;TV-MA;For mature audiences.  May not be suitable for children 17 and under.;2012;85.0;Adult;;Mary-Louise Parker, Hunter Parrish, Alexander Gould, Kevin Nealon, Justin Kirk, Elizabeth Perkins, Allie Grant, Andy Milder, Tonye Patano, Romany Malco;United States;;2012.0;8 Seasons;TV Comedies, TV Dramas;;;0;['Drama'];0.11729;['De Laurentiis Entertainment Group (DEG)', 'Kingsgate Films'];1987-10-16;0.0;115.0;TV Show
the tudors;TV-MA;For mature audiences.  May not be suitable for children 17 and under.;2010;;Adult;;Jonathan Rhys Meyers, Henry Cavill, James Frain, Anthony Brophy, Guy Carleton, Sarah Bolger, Natalie Dormer, Max Brown, Nick Dunning, Rod Hallett, Maria Doyle Kennedy, Simon Ward;Ireland, Canada, United States, United Kingdom;;2010.0;4 Seasons;TV Dramas;;;;;;;;;;TV Show
lie to me;TV-14;Parents strongly cautioned. May be unsuitable for children ages 14 and under.;2010;89.0;Teen;;;;;;;;;;;;;;;;;
charmed;TV-PG;Parental guidance suggested. May not be suitable for all children.;2005;90.0;Parental Guidance;;Madeleine Mantock, Sarah Jeffery, Melonie Diaz, Rupert Evans, Ser'Darius Blain, Ellen Tamaki, Charlie Gillespie;United States;May 27, 2019;2019.0;1 Season;TV Dramas, TV Sci-Fi & Fantasy;4.5;16091.0;;;;;;;;TV Show
charmed;TV-PG;Parental guidance suggested. May not be suitable for all children.;2005;90.0;Parental Guidance;;Holly Marie Combs, Alyssa Milano, Brian Krause, Rose McGowan, Shannen Doherty, Dorian Gregory;United States;;2005.0;8 Seasons;Romantic TV Shows, TV Comedies, TV Dramas;4.5;16091.0;;;;;;;;TV Show
white collar;TV-PG;Parental guidance suggested. May not be suitable for all children.;2014;93.0;Parental Guidance;;;;;;;;;;;;;;;;;
house of cards;TV-MA;For mature audiences.  May not be suitable for children 17 and under.;2016;91.0;Adult;;Kevin Spacey, Robin Wright, Kate Mara, Corey Stoll, Sakina Jaffrey, Kristen Connolly, Constance Zimmer, Sebastian Arcelus, Nathan Darrow, Sandrine Holt, Michel Gill, Elizabeth Norment, Mahershala Ali, Reg E. Cathey, Molly Parker, Derek Cecil, Elizabeth Marvel, Kim Dickens, Lars Mikkelsen, Michael Kelly, Joel Kinnaman, Campbell Scott, Patricia Clarkson, Neve Campbell;United States;;2018.0;6 Seasons;TV Dramas, TV Thrillers;8.699999999999998;494092.0;0;['Drama'];4.946028;['Penta Pictures', 'A&M Films'];1993-06-25;0.0;109.0;TV Show
house of cards;TV-MA;For mature audiences.  May not be suitable for children 17 and under.;2016;91.0;Adult;;Kevin Spacey, Robin Wright, Kate Mara, Corey Stoll, Sakina Jaffrey, Kristen Connolly, Constance Zimmer, Sebastian Arcelus, Nathan Darrow, Sandrine Holt, Michel Gill, Elizabeth Norment, Mahershala Ali, Reg E. Cathey, Molly Parker, Derek Cecil, Elizabeth Marvel, Kim Dickens, Lars Mikkelsen, Michael Kelly, Joel Kinnaman, Campbell Scott, Patricia Clarkson, Neve Campbell;United States;;2018.0;6 Seasons;TV Dramas, TV Thrillers;8.699999999999998;494092.0;0;['Drama', 'Thriller'];0.332318;[];1968-09-16;0.0;105.0;TV Show
the killing;TV-14;Parents strongly cautioned. May be unsuitable for children ages 14 and under.;2014;73.0;Teen;;;;;;;;;;320000;['Drama', 'Action', 'Thriller', 'Crime'];10.223264;['United Artists', 'Harris-Kubrick Productions'];1956-05-08;0.0;85.0;
unconditional;PG-13;some violent content and mature thematic elements;2012;;Teen;;;;;;;;;;2000000;['Drama'];7.536984;['Harbinger Media Partners'];2012-09-21;0.0;92.0;
the blacklist;TV-14;Parents strongly cautioned. May be unsuitable for children ages 14 and under.;2016;96.0;Teen;;James Spader, Megan Boone, Diego Klattenhoff, Ryan Eggold, Harry Lennix, Amir Arison, Hisham Tawfiq, Mozhan Marn├▓;United States;;2019.0;6 Seasons;Crime TV Shows, TV Dramas, TV Thrillers;8.0;238138.0;;;;;;;;TV Show
the fosters;TV-14;Parents strongly cautioned. May be unsuitable for children ages 14 and under.;2016;73.0;Teen;;Teri Polo, Sherri Saum, Jake T. Austin, Hayden Byerly, David Lambert, Maia Mitchell, Danny Nucci, Cierra Ramirez, Madisen Beaty, Alex Saxon;United States;;2017.0;5 Seasons;TV Dramas;;;;;;;;;;TV Show
witches of east end;TV-14;Parents strongly cautioned. May be unsuitable for children ages 14 and under.;2014;;Teen;;;;;;;;;;;;;;;;;
bitten;TV-MA;For mature audiences.  May not be suitable for children 17 and under.;2016;56.0;Adult;;Laura Vandervoort, Greyston Holt, Greg Bryk, Steve Lund, Paul Greene, Michael Xavier, Genelle Williams;Canada;;2016.0;3 Seasons;International TV Shows, TV Dramas, TV Horror;;;0;['Comedy', 'Horror'];3.580087;['Once Bitten Films'];2008-06-29;0.0;89.0;TV Show
london has fallen;R;strong violence and language throughout;2016;96.0;Adult;;;;;;;;5.9;155997.0;60000000;['Action', 'Crime', 'Thriller'];15.037993;['Millennium Films', 'LHF Film', 'Gerard Butler Alan Siegel Entertainment', 'Nu Boyana Film Studios'];2016-03-02;205754447.0;99.0;MOVIE
marvel's jessica jones;TV-MA;For mature audiences.  May not be suitable for children 17 and under.;2015;83.0;Adult;;Krysten Ritter, David Tennant, Rachael Taylor, Mike Colter, Carrie-Anne Moss, Eka Darville, Erin Moriarty, Wil Traval, Susie Abromeit;United States;;2019.0;3 Seasons;Crime TV Shows, TV Action & Adventure, TV Dramas;;;;;;;;;;TV Show
bloodline;TV-MA;For mature audiences.  May not be suitable for children 17 and under.;2016;;Adult;;Kyle Chandler, Ben Mendelsohn, Sissy Spacek, Linda Cardellini, Norbert Leo Butz, Jacinda Barrett, Jamie McShane, John Leguizamo, Enrique Murciano, Sam Shepard, Chlo├½ Sevigny, Andrea Riseborough, Beau Bridges, Taylor Rouviere, Owen Teague, Brandon Larracuente;United States;;2017.0;3 Seasons;TV Dramas, TV Mysteries, TV Thrillers;7.9;50028.0;700000;['Horror'];0.061137;[];2011-12-09;0.0;92.0;TV Show
bloodline;TV-MA;For mature audiences.  May not be suitable for children 17 and under.;2016;;Adult;;Kyle Chandler, Ben Mendelsohn, Sissy Spacek, Linda Cardellini, Norbert Leo Butz, Jacinda Barrett, Jamie McShane, John Leguizamo, Enrique Murciano, Sam Shepard, Chlo├½ Sevigny, Andrea Riseborough, Beau Bridges, Taylor Rouviere, Owen Teague, Brandon Larracuente;United States;;2017.0;3 Seasons;TV Dramas, TV Mysteries, TV Thrillers;7.9;50028.0;0;['Crime', 'Thriller'];2.493634;[];1979-01-01;0.0;116.0;TV Show
velvet;TV-14;Parents strongly cautioned. May be unsuitable for children ages 14 and under.;2016;;Teen;Carlos Sedes;Paula Echevarr├¡a, Miguel ├üngel Silvestre, Aitana S├ínchez-Gij├│n, Manuela Velasco, Manuela Vell├⌐s, Marta Hazas, Javier Rey, Maxi Iglesias, Cecilia Freire, Adri├ín Lastra, Miriam Giovanelli, Natalia Mill├ín, Jos├⌐ Sacrist├ín, Ingrid Rubio, Peter Vives, Lloren├º Gonz├ílez, ├üngela Molina, Pastora Vega;Spain;;2016.0;4 Seasons;International TV Shows, Romantic TV Shows, Spanish-Language TV Shows;8.1;6018.0;;;;;;;;TV Show
the crown;TV-MA;For mature audiences.  May not be suitable for children 17 and under.;2016;84.0;Adult;;Claire Foy, John Lithgow, Matt Smith, Vanessa Kirby, Jared Harris, Victoria Hamilton, Eileen Atkins, Jeremy Northam, Alex Jennings, Ben Miles, Pip Torrens, Will Keen, Harry Hadden-Paton, Daniel Ings, Greg Wise, Harriet Walter, Lia Williams, Matthew Goode, Anton Lesser;United Kingdom, United States;;2019.0;3 Seasons;British TV Shows, International TV Shows, TV Dramas;8.699999999999998;190878.0;;;;;;;;TV Show
kurt seyit & sura;TV-14;Parents strongly cautioned. May be unsuitable for children ages 14 and under.;2014;;Teen;;K─▒van├º Tatl─▒tu─ƒ, Farah Zeynep Abdullah, Fahriye Evcen, Ushan ├çak─▒r, Birkan Sokullu;Turkey;December 26, 2016;2014.0;1 Season;International TV Shows, Romantic TV Shows, TV Dramas;;;;;;;;;;TV Show
the returned;TV-14;Parents strongly cautioned. May be unsuitable for children ages 14 and under.;2015;;Teen;;Anne Cosigny, Fr├⌐d├⌐ric Pierrot, Clotilde Hesme, C├⌐line Sallette, Samir Guesmi, Guillaume Gouix, Jean-Francois Sivadier, Alix Poisson, Jenna Thiam, Gr├⌐gory Gadebois, Pierre Perrier, Yara Pilartz, Swann Nambotin, Ana Girardot, Brune Martin, Bertrand Constant, Matila Malliarakis, Constance Doll├⌐, Laetitia de Fombelle, Simon Ehrlacher, Vincent Trouilleux, J├⌐r├┤me Kircher, Guillaume Marquet, Alma Arnal, Julien Bourdel, Fran├ºois Briault, Gilles Chabrier, Aksel Ustun, Alain Blazquez;France;February 17, 2019;2015.0;1 Season;International TV Shows, TV Dramas, TV Horror;;;0;['Horror', 'Thriller', 'Drama'];4.761441;['Castelao Producciones'];2013-11-15;0.0;98.0;TV Show
the girl in the book;TV-MA;For mature audiences.  May not be suitable for children 17 and under.;2015;;Adult;;;;;;;;;;0;['Drama'];3.28083;['Varient Busted Buggy Entertainmen'];2015-06-13;0.0;86.0;
quantico;TV-14;Parents strongly cautioned. May be unsuitable for children ages 14 and under.;2016;88.0;Teen;;Priyanka Chopra, Josh Hopkins, Jake McLaughlin, Aunjanue Ellis, Yasmine Al Massri, Johanna Braddy, Tate Ellington, Graham Rogers, Anabelle Acosta, Russell Tovey, Blair Underwood, Pearl Thusi;United States;;2018.0;3 Seasons;Crime TV Shows, TV Dramas, TV Mysteries;6.6;60305.0;;;;;;;;TV Show
100 metros;TV-MA;For mature audiences.  May not be suitable for children 17 and under.;2016;;Adult;;;;;;;;;;;;;;;;;
dexter;TV-MA;For mature audiences.  May not be suitable for children 17 and under.;2013;95.0;Adult;;Michael C. Hall, Jennifer Carpenter, David Zayas, James Remar, C.S. Lee, Lauren V├⌐lez, Desmond Harrington, Julie Benz, Christina Robinson, Geoff Pierson;United States;;2013.0;8 Seasons;Crime TV Shows, TV Dramas, TV Mysteries;;;;;;;;;;TV Show
leverage;TV-PG;Parental guidance suggested. May not be suitable for all children.;2012;86.0;Parental Guidance;;;;;;;;;;;;;;;;;
burn notice;TV-14;Parents strongly cautioned. May be unsuitable for children ages 14 and under.;2013;85.0;Teen;;;;;;;;;;;;;;;;;
luther;TV-14;Parents strongly cautioned. May be unsuitable for children ages 14 and under.;2015;69.0;Teen;;;;;;;;;;0;['Drama', 'History'];7.182909;['Eikon Film'];2003-10-29;0.0;123.0;
luther;TV-14;Parents strongly cautioned. May be unsuitable for children ages 14 and under.;2015;69.0;Teen;;;;;;;;;;0;['Drama'];1.170857;[];1974-01-21;0.0;110.0;
hawaii five-0;TV-14;dialogue, language, sexual situations and violence;2016;96.0;Teen;;;;;;;;;;;;;;;;;
last man standing;TV-PG;Parental guidance suggested. May not be suitable for all children.;2015;97.0;Parental Guidance;;;;;;;;;;67000000;['Action', 'Crime', 'Drama', 'Thriller'];11.845918;['New Line Cinema', 'Metropolitan Filmexport'];1996-09-20;47267001.0;101.0;
last man standing;TV-PG;Parental guidance suggested. May not be suitable for all children.;2015;97.0;Parental Guidance;;;;;;;;;;0;['Drama', 'Action', 'Thriller'];0.185515;['Sony Pictures Television', 'Valhalla Motion Pictures'];2011-06-07;0.0;84.0;
person of interest;TV-14;Parents strongly cautioned. May be unsuitable for children ages 14 and under.;2016;93.0;Teen;;Jim Caviezel, Michael Emerson, Taraji P. Henson, Kevin Chapman, Sarah Shahi, Amy Acker;United States;;2016.0;5 Seasons;Crime TV Shows, TV Action & Adventure, TV Dramas;;;;;;;;;;TV Show
touch;TV-14;Parents strongly cautioned. May be unsuitable for children ages 14 and under.;2012;68.0;Teen;;;;;;;;;;0;['Action', 'Comedy', 'Drama', 'Foreign', 'Romance'];0.455272;['United Artists'];1997-02-14;0.0;96.0;
breakout kings;TV-14;Parents strongly cautioned. May be unsuitable for children ages 14 and under.;2012;88.0;Teen;;;;;;;;;;;;;;;;;
the following;TV-14;Parents strongly cautioned. May be unsuitable for children ages 14 and under.;2015;;Teen;;;;;;;;;;;;;;;;;
drugs, inc.;TV-14;Parents strongly cautioned. May be unsuitable for children ages 14 and under.;2015;;Teen;;Mike Secher;United States;March 23, 2019;2015.0;1 Season;Crime TV Shows, Docuseries;;;;;;;;;;TV Show
longmire;TV-14;Parents strongly cautioned. May be unsuitable for children ages 14 and under.;2016;92.0;Teen;;Robert Taylor, Katee Sackhoff, Lou Diamond Phillips, Bailey Chase, Cassidy Freeman, Adam Bartley, Louanne Stephens;United States;;2017.0;6 Seasons;Crime TV Shows, TV Dramas;8.3;34362.0;;;;;;;;TV Show
ripper street;TV-MA;For mature audiences.  May not be suitable for children 17 and under.;2016;;Adult;;Matthew Macfadyen, Jerome Flynn, Adam Rothenberg, David Wilmot, MyAnna Buring, David Dawson, Amanda Hale, Charlene McKenna, Jonathan Barnwell, Clive Russell;United Kingdom, Ireland;;2017.0;5 Seasons;British TV Shows, Crime TV Shows, TV Dramas;;;;;;;;;;TV Show
the fall;TV-MA;For mature audiences.  May not be suitable for children 17 and under.;2016;61.0;Adult;;;;;;;;;;0;['Adventure', 'Fantasy', 'Drama'];15.855108;['Roadside Attractions', 'Absolute Entertainment', 'Googly Films', 'Deep Films', 'Radical Media', 'Tree Top Films Inc.'];2008-01-03;3669465.0;117.0;
death in paradise;TV-14;Parents strongly cautioned. May be unsuitable for children ages 14 and under.;2016;77.0;Teen;;;;;;;;;;;;;;;;;
marvel's agents of s.h.i.e.l.d.;TV-PG;Parental guidance suggested. May not be suitable for all children.;2016;89.0;Parental Guidance;;Clark Gregg, Ming-Na Wen, Brett Dalton, Chloe Bennet, Iain De Caestecker, Elizabeth Henstridge, Adrianne Palicki, Luke Mitchell, Henry Simmons;United States;;2019.0;6 Seasons;TV Action & Adventure, TV Sci-Fi & Fantasy;;;;;;;;;;TV Show
crossing lines;TV-14;Parents strongly cautioned. May be unsuitable for children ages 14 and under.;2015;66.0;Teen;;;;;;;;;;;;;;;;;
the honorable woman;TV-MA;For mature audiences.  May not be suitable for children 17 and under.;2014;;Adult;;;;;;;;;;;;;;;;;
transporter: the series;TV-MA;For mature audiences.  May not be suitable for children 17 and under.;2014;;Adult;;;;;;;;;;;;;;;;;
gotham;TV-14;Parents strongly cautioned. May be unsuitable for children ages 14 and under.;2016;85.0;Teen;Danny Cannon;Ben McKenzie, Donal Logue, Jada Pinkett Smith, David Mazouz, Sean Pertwee, Camren Bicondova, Robin Lord Taylor, Cory Michael Smith, Erin Richards, John Doman, Victoria Cartagena, Andrew Stewart-Jones, Larry Pine, Jessica Lucas, Maggie Geha, Charlie Tahan, Drew Powell, Morena Baccarin, Anthony Carrigan, Crystal Reed, Chris Chalk, Damian Young, Michael Buscemi, Alexander Siddig, Michael Maize;United States;;2019.0;5 Seasons;Crime TV Shows, TV Action & Adventure, TV Dramas;7.8;226081.0;;;;;;;;TV Show
american odyssey;TV-14;Parents strongly cautioned. May be unsuitable for children ages 14 and under.;2015;;Teen;;Anna Friel, Peter Facinelli, Jake Robinson, Jim True-Frost, Treat Williams, Sadie Sink, Omar Ghazaoui, Nate Mooney, Elena Kampouris, Daniella Pineda, Adewale Akinnuoye-Agbaje;United States;April 5, 2016;2015.0;1 Season;TV Dramas, TV Thrillers;;;;;;;;;;TV Show
aquarius;TV-MA;For mature audiences.  May not be suitable for children 17 and under.;2015;;Adult;;David Duchovny, Gethin Anthony, Grey Damon, Emma Dumont, Claire Holt, Michaela McManus, Br├¡an F. O'Byrne, David Meunier, Ambyr Childers, Tara Lynne Barr, Whitney Rose Pynn, Jason Ralph;United States;;2016.0;2 Seasons;Crime TV Shows, TV Dramas;7.1;12112.0;762241;['Drama'];4.860265;['SBS Productions', 'Globo filmes', 'CinemaSc├│pio Produ├º├╡es'];2016-09-01;285930.0;140.0;TV Show
aquarius;TV-MA;For mature audiences.  May not be suitable for children 17 and under.;2015;;Adult;Kleber Mendon├ºa Filho;Sonia Braga, Maeve Jinkings, Irandhir Santos, Humberto Carr├úo, Zoraide Coleto, Carla Ribas, Fernando Teixeira, Buda Lira;Brazil, France;January 13, 2017;2016.0;146 min;Dramas, International Movies;7.1;12112.0;762241;['Drama'];4.860265;['SBS Productions', 'Globo filmes', 'CinemaSc├│pio Produ├º├╡es'];2016-09-01;285930.0;140.0;Movie
hap and leonard;TV-MA;For mature audiences.  May not be suitable for children 17 and under.;2016;57.0;Adult;;James Purefoy, Michael Kenneth Williams, Jimmi Simpson, Bill Sage, Christina Hendricks, Pollyanna McIntosh, Jeff Pope, Neil Sandilands, Henry G. Sanders, Enrique Murciano;United States;;2018.0;3 Seasons;Crime TV Shows, TV Dramas;7.6;7577.0;;;;;;;;TV Show
rosewood;TV-14;Parents strongly cautioned. May be unsuitable for children ages 14 and under.;2015;81.0;Teen;;;;;;;;;;30000000;['Drama', 'History'];2.899809;['New Deal Productions', 'Warner Bros.', 'Peters Entertainment'];1997-02-21;13130349.0;140.0;
limitless;TV-14;Parents strongly cautioned. May be unsuitable for children ages 14 and under.;2016;84.0;Teen;Vrinda Samartha;;India;October 1, 2019;2017.0;59 min;Documentaries, International Movies, Sports Movies;;;27000000;['Thriller', 'Mystery', 'Science Fiction'];12.114955;['Rogue Pictures', 'Relativity Media', 'Virgin Produced', 'Many Rivers Productions', 'Boy of the Year', 'Intermedia'];2011-03-08;161849455.0;105.0;Movie
limitless;TV-14;Parents strongly cautioned. May be unsuitable for children ages 14 and under.;2016;84.0;Teen;Neil Burger;Bradley Cooper, Abbie Cornish, Robert De Niro, Andrew Howard, Anna Friel, Johnny Whitworth, Tomas Arana, Robert John Burke, Darren Goldstein, T.V. Carpio;United States;May 16, 2019;2011.0;105 min;Action & Adventure, Sci-Fi & Fantasy, Thrillers;;;27000000;['Thriller', 'Mystery', 'Science Fiction'];12.114955;['Rogue Pictures', 'Relativity Media', 'Virgin Produced', 'Many Rivers Productions', 'Boy of the Year', 'Intermedia'];2011-03-08;161849455.0;105.0;Movie
limitless;TV-14;Parents strongly cautioned. May be unsuitable for children ages 14 and under.;2016;84.0;Teen;;Jake McDorman, Jennifer Carpenter, Hill Harper, Mary Elizabeth Mastrantonio, Ron Rifkin, Blair Brown, Bradley Cooper;United States;July 1, 2016;2016.0;1 Season;Crime TV Shows, TV Dramas, TV Sci-Fi & Fantasy;;;27000000;['Thriller', 'Mystery', 'Science Fiction'];12.114955;['Rogue Pictures', 'Relativity Media', 'Virgin Produced', 'Many Rivers Productions', 'Boy of the Year', 'Intermedia'];2011-03-08;161849455.0;105.0;TV Show
travelers;TV-MA;For mature audiences.  May not be suitable for children 17 and under.;2016;86.0;Adult;;Eric McCormack, MacKenzie Porter, Nesta Cooper, Jared Paul Abrahamson, Reilly Dolman, Patrick Gilmore;Canada, United States;;2018.0;3 Seasons;Crime TV Shows, International TV Shows, TV Dramas;8.0;54566.0;;;;;;;;TV Show
the doctor blake mysteries;TV-MA;For mature audiences.  May not be suitable for children 17 and under.;2016;57.0;Adult;;;;;;;;;;;;;;;;;
i.t;NR;This movie has not been rated.;2016;;Unrated;;;;;;;;;;;;;;;;;
bordertown;TV-MA;For mature audiences.  May not be suitable for children 17 and under.;2016;;Adult;;Ville Virtanen, Matleena Kuusniemi, Anu Sinisalo, Lenita Susi, Kristiina Halttu, Olivia Ainali, Ilkka Villi, Max Bremer, Matti Laine, Jasmin Hamid;Finland, France;;2018.0;2 Seasons;Crime TV Shows, International TV Shows, TV Dramas;7.6;10371.0;0;['Crime', 'Drama'];1.588639;['Warner Bros.'];1935-01-23;0.0;90.0;TV Show
bordertown;TV-MA;For mature audiences.  May not be suitable for children 17 and under.;2016;;Adult;;Ville Virtanen, Matleena Kuusniemi, Anu Sinisalo, Lenita Susi, Kristiina Halttu, Olivia Ainali, Ilkka Villi, Max Bremer, Matti Laine, Jasmin Hamid;Finland, France;;2018.0;2 Seasons;Crime TV Shows, International TV Shows, TV Dramas;7.6;10371.0;21000000;['Crime', 'Drama', 'Mystery'];7.814821;['Mosaic Media Group', 'El Norte Productions', 'Nuyorican Productions', 'Mobius Entertainment Ltd.'];2006-05-18;0.0;112.0;TV Show
the west wing;TV-14;Parents strongly cautioned. May be unsuitable for children ages 14 and under.;2005;79.0;Teen;;Martin Sheen, Rob Lowe, Allison Janney, John Spencer, Bradley Whitford, Janel Moloney, Richard Schiff, Dul├⌐ Hill, NiCole Robinson, Melissa Fitzgerald, Joshua Malina, Stockard Channing, Kim Webster, Kris Murphy, Timothy Davis-Reed;United States;;2005.0;7 Seasons;TV Dramas;;;;;;;;;;TV Show
blue bloods;TV-14;Parents strongly cautioned. May be unsuitable for children ages 14 and under.;2016;95.0;Teen;;;;;;;;;;;;;;;;;
forensic files;TV-14;Parents strongly cautioned. May be unsuitable for children ages 14 and under.;2011;88.0;Teen;;Peter Thomas;United States;;2011.0;9 Seasons;Crime TV Shows, Docuseries, Science & Nature TV;;;;;;;;;;TV Show
rectify;TV-14;Parents strongly cautioned. May be unsuitable for children ages 14 and under.;2016;;Teen;;Aden Young, Abigail Spencer, J. Smith-Cameron, Clayne Crawford, Luke Kirby, Adelaide Clemens, Jake Austin Walker, Jayson Warner Smith, Bruce McKinnon, J.D. Evermore, Michael O'Neill, Sean Bridgers, Johnny Ray Gill, Sharon Conley, Michael Vartan;United States;;2016.0;4 Seasons;Crime TV Shows, TV Dramas, TV Mysteries;;;;;;;;;;TV Show
american crime;TV-14;Parents strongly cautioned. May be unsuitable for children ages 14 and under.;2016;;Teen;;Felicity Huffman, Timothy Hutton, Elvis Nolasco, Regina King, Lili Taylor, Richard Cabral, Brent Anderson, Benito Martinez, Shane Jacobsen, W. Earl Brown, Caitlin Gerard, Penelope Ann Miller, Johnny Ortiz;United States;;2017.0;3 Seasons;Crime TV Shows, TV Dramas;;;;;;;;;;TV Show
madam secretary;TV-14;Parents strongly cautioned. May be unsuitable for children ages 14 and under.;2016;70.0;Teen;;T├⌐a Leoni, Tim Daly, Bebe Neuwirth, Zeljko Ivanek, Erich Bergen, Patina Miller, Geoffrey Arend, Kathrine Herzer, Evan Roe, Wallis Currie-Wood;United States;;2019.0;5 Seasons;TV Dramas;7.6;22563.0;;;;;;;;TV Show
american crime story: the people v. o.j. simpson;TV-MA;For mature audiences.  May not be suitable for children 17 and under.;2016;79.0;Adult;;Cuba Gooding Jr., Sarah Paulson, John Travolta, Courtney B. Vance, Sterling K. Brown, Kenneth Choi, Christian Clemenson, Bruce Greenwood, Nathan Lane, David Schwimmer, Chris Bauer, Jordana Brewster, Selma Blair, Connie Britton;United States;March 6, 2019;2016.0;1 Season;Crime TV Shows, TV Dramas;;;;;;;;;;TV Show
the nightmare before christmas;PG;some scary images;1993;84.0;Parental Guidance;;;;;;;;;;18000000;['Fantasy', 'Animation', 'Family'];17.730913;['Tim Burton Productions', 'Skellington Productions Inc.', 'Touchstone Pictures'];1993-10-09;75634409.0;76.0;
scooby-doo;PG;some rude humor, language and some scary action;2002;86.0;Parental Guidance;;;;;;;;;;84000000;['Mystery', 'Adventure', 'Comedy'];8.592826;['Atlas Entertainment', 'Mosaic Media Group', 'Warner Bros.'];2002-06-14;275650703.0;88.0;
chicken little;G;General Audiences. Suitable for all ages.;2005;92.0;Family;Mark Dindal;Zach Braff, Joan Cusack, Patrick Stewart, Steve Zahn, Catherine O'Hara, Harry Shearer, Adam West, Don Knotts, Amy Sedaris, Garry Marshall, Patrick Warburton, Fred Willard, Wallace Shawn;United States;March 16, 2016;2005.0;82 min;Children & Family Movies, Comedies;;;150000000;['Animation', 'Family', 'Comedy'];18.584609;['Walt Disney Pictures', 'Walt Disney Feature Animation'];2005-11-04;314432665.0;81.0;Movie
teenage mutant ninja turtles;PG;animated action violence, some scary cartoon images and mild language;2007;;Parental Guidance;Kevin Munroe;Chris Evans, Sarah Michelle Gellar, Mako Iwamatsu, Kevin Smith, Patrick Stewart, Zhang Ziyi, Laurence Fishburne, Mitchell Whitfield, James Arnold Taylor, Mikey Kelley, Nolan North;Hong Kong, United States;May 1, 2019;2007.0;87 min;Children & Family Movies, Comedies;6.7;92647.0;13500000;['Science Fiction', 'Action', 'Adventure', 'Comedy', 'Family'];13.184585;['New Line Cinema', 'Golden Harvest Company'];1990-03-30;202000000.0;93.0;Movie
teenage mutant ninja turtles;PG;animated action violence, some scary cartoon images and mild language;2007;;Parental Guidance;Kevin Munroe;Chris Evans, Sarah Michelle Gellar, Mako Iwamatsu, Kevin Smith, Patrick Stewart, Zhang Ziyi, Laurence Fishburne, Mitchell Whitfield, James Arnold Taylor, Mikey Kelley, Nolan North;Hong Kong, United States;May 1, 2019;2007.0;87 min;Children & Family Movies, Comedies;6.7;92647.0;125000000;['Science Fiction', 'Action', 'Adventure', 'Fantasy', 'Comedy'];22.337973;['Paramount Pictures', 'Nickelodeon Movies', 'Platinum Dunes'];2014-08-07;477200000.0;101.0;Movie
star wars: the clone wars;PG;sci-fi action violence throughout, brief language and momentary smoking;2008;57.0;Parental Guidance;;;;;;;;;;8500000;['Thriller', 'Animation', 'Action', 'Science Fiction', 'Adventure', 'Fantasy'];8.524857;['Lucasfilm'];2008-08-05;68282844.0;98.0;
the smurfs and the magic flute;G;General Audiences. Suitable for all ages.;1976;;Family;;;;;;;;;;;;;;;;;
we're back! a dinosaur's story;G;General Audiences. Suitable for all ages.;1993;;Family;;;;;;;;;;0;['Animation', 'Science Fiction', 'Family'];13.58903;['Universal Studios', 'Amblin Entertainment', 'Amblimation'];1993-11-24;9317021.0;72.0;
thomas & friends: thomas & the runaway kite;TV-Y;Suitable for all ages.;2010;;Kids;;;;;;;;;;;;;;;;;
dino squad;TV-Y7;Suitable for children ages 7 and older;2008;;Kids;;;;;;;;;;;;;;;;;
cars toons: mater's tall tales;TV-G;Suitable for all ages.;2010;74.0;Family;;;;;;;;;;;;;;;;;
leapfrog: the amazing alphabet amusement park;TV-Y;Suitable for all ages.;2010;;Kids;;;;;;;;;;;;;;;;;
star wars: the clone wars;TV-PG;Parental guidance suggested. May not be suitable for all children.;2014;93.0;Parental Guidance;;;;;;;;;;8500000;['Thriller', 'Animation', 'Action', 'Science Fiction', 'Adventure', 'Fantasy'];8.524857;['Lucasfilm'];2008-08-05;68282844.0;98.0;
phineas and ferb;TV-G;Suitable for all ages.;2012;89.0;Family;;;;;;;;;;;;;;;;;
the batman;TV-Y7;Suitable for children ages 7 and older;2007;77.0;Kids;;;;;;;;;;;;;;;;;
justice league;TV-Y7-FV;Suitable for children ages 7 and older.  Content contains fantasy violence.;2003;66.0;Kids;;;;;;;;;;0;['Action', 'Adventure', 'Fantasy', 'Science Fiction'];25.944629;['DC Comics', 'Kennedy Miller Productions', 'Lin Pictures', 'Warner Bros.', 'DC Entertainment', 'RatPac-Dune Entertainment', 'Cruel and Unusual Films'];2017-11-15;0.0;0.0;
justice league unlimited;TV-Y7-FV;Suitable for children ages 7 and older.  Content contains fantasy violence.;2005;;Kids;;;;;;;;;;;;;;;;;
mighty morphin power rangers;TV-Y7-FV;Suitable for children ages 7 and older.  Content contains fantasy violence.;2010;73.0;Kids;;Austin St. John, Thuy Trang, Walter Jones, Amy Jo Johnson, David Yost, Jason David Frank, Johnny Yong Bosch, Karan Ashley, Steve Cardenas, Catherine Sutherland, Paul Schrier, Jason Narvy, David Fielding, Richard Steven Horvitz, Barbara Goodson;United States, Japan;;2010.0;4 Seasons;Kids' TV;;;;;;;;;;TV Show
young justice;TV-PG;Parental guidance suggested. May not be suitable for all children.;2012;71.0;Parental Guidance;;;;;;;;;;;;;;;;;
the super mario bros. super show!;TV-Y7;Suitable for children ages 7 and older;1989;;Kids;;Captain Lou Albano, Danny Wells, Jeannie Elias, John Stocker, Harvey Atkin, Robert Bockstael, Cynthia Preston, Jonathan Potts, Colin Fox;United States, Canada;May 22, 2016;1989.0;1 Season;Kids' TV;;;;;;;;;;TV Show
power rangers zeo;TV-Y7-FV;Suitable for children ages 7 and older.  Content contains fantasy violence.;1996;;Kids;;Catherine Sutherland, Nakia Burrise, Steve Cardenas, Johnny Yong Bosch, Jason David Frank, David Yost, Austin St. John, Paul Schrier, Jason Narvy, Namihei Koshige, Danny Wayne, Akira Madden, David Stenstrom, Tadahiro Nakamura, Kerrigan Mahan;United States, France, Japan;January 1, 2016;1996.0;1 Season;Kids' TV;;;;;;;;;;TV Show
oscar's oasis;TV-G;Suitable for all ages.;2011;;Family;;;France;March 15, 2015;2011.0;1 Season;Kids' TV;7.4;572.0;;;;;;;;TV Show
transformers prime;TV-Y7-FV;Suitable for children ages 7 and older.  Content contains fantasy violence.;2013;;Kids;;Peter Cullen, Sumalee Montano, Frank Welker, Jeffrey Combs, Kevin Michael Richardson, Tania Gunadi, Josh Keaton, Steve Blum, Andy Pessoa, Ernie Hudson, Daran Norris, Will Friedle;United States;September 8, 2018;2013.0;1 Season;Kids' TV;;;;;;;;;;TV Show
the adventures of chuck & friends;TV-Y;Suitable for all ages.;2011;;Kids;;;;;;;;;;;;;;;;;
transformers: rescue bots;TV-Y7;Suitable for children ages 7 and older;2016;;Kids;;Lacey Chabert, Elan Garfias, Maurice LaMarche, Jason Marsden, Shannon McKain, Steve Blum, Parvesh Cheena, D.C. Douglas, Imari Williams, LeVar Burton, Diamond White;Canada, United States;September 19, 2018;2016.0;1 Season;Kids' TV;6.4;915.0;;;;;;;;TV Show
thomas & friends: king of the railway;TV-G;Suitable for all ages.;2013;;Family;;;;;;;;;;;;;;;;;
lego: marvel super heroes: maximum overload;TV-Y7-FV;Suitable for children ages 7 and older.  Content contains fantasy violence.;2013;;Kids;Greg Richardson;Troy Baker, Drake Bell, Fred Tatasciore, Dee Bradley Baker, Steve Blum, Adrian Pasdar, Greg Cipes, Chi McBride, Barry Dennen, Robin Atkin Downes;United States;January 6, 2017;2013.0;22 min;Children & Family Movies;;;;;;;;;;Movie
max steel;TV-Y7-FV;Suitable for children ages 7 and older.  Content contains fantasy violence.;2014;;Kids;;;;;;;;;;10000000;['Action', 'Adventure', 'Science Fiction'];6.703892;['Ingenious Media', 'Mattel Entertainment', 'Dolphin Entertainment'];2016-10-14;6272403.0;92.0;
transformers prime beast hunters: predacons rising;TV-Y7-FV;Suitable for children ages 7 and older.  Content contains fantasy violence.;2013;;Kids;;;;;;;;;;0;['Action', 'Animation', 'Science Fiction'];1.648427;['Hasbro Studios'];2013-10-04;0.0;66.0;
agent f.o.x.;PG;Parental guidance suggested. May not be suitable for children.;2014;;Parental Guidance;;;;;;;;;;0;['Animation'];0.450671;[];2014-06-01;0.0;83.0;
veggietales in the house;TV-Y;Suitable for all ages.;2016;;Kids;;Phil Vischer, Mike Nawrocki, Rob Paulsen, Tress MacNeille;United States;;2016.0;4 Seasons;Kids' TV;4.3;300.0;;;;;;;;TV Show
thunder and the house of magic;TV-G;Suitable for all ages.;2013;;Family;;;;;;;;;;34000000;['Family', 'Fantasy', 'Animation', 'Adventure'];11.249956;['StudioCanal', 'nWave Pictures', 'Illuminata Pictures', 'Shout! Factory'];2013-12-24;0.0;85.0;
all hail king julien;TV-Y7-FV;Suitable for children ages 7 and older.  Content contains fantasy violence.;2016;71.0;Kids;;Danny Jacobs, Andy Richter, Henry Winkler, Kevin Michael Richardson, India de Beaufort, Jeff Bennett, David Krumholtz, Diedrich Bader, Debra Wilson, Sarah Thyre, Betsy Sodaro;United States;;2017.0;5 Seasons;Kids' TV, TV Comedies;7.0;2008.0;;;;;;;;TV Show
kong: king of the apes;TV-Y7-FV;Suitable for children ages 7 and older.  Content contains fantasy violence.;2016;;Kids;;Lee Tockar, Sam Vincent, Alessandro Juliani, Tabitha St. Germain, Kathleen Barr, Viv Leacock, Shannon Chan-Kent, Vincent Tong;United States, Japan, Canada;;2018.0;2 Seasons;Kids' TV;5.9;325.0;;;;;;;;TV Show
marvel super hero adventures: frost fight!;PG;fantasy action;2015;;Parental Guidance;Mitch Schauer;Mick Wingert, Matthew Mercer, Travis Willingham, Fred Tatasciore, Grey DeLisle, Troy Baker, Antony Del Rio, Trevor Devall, Kevin Michael Richardson, Steve Blum, Jane Singer;United States;February 24, 2016;2015.0;74 min;Children & Family Movies, Sci-Fi & Fantasy;;;0;['Animation', 'Fantasy'];1.093779;[];2015-12-15;0.0;73.0;Movie
slugterra: slug fu showdown;TV-Y7-FV;Suitable for children ages 7 and older.  Content contains fantasy violence.;2015;;Kids;;;;;;;;;;;;;;;;;
dinotrux;TV-Y7-FV;Suitable for children ages 7 and older.  Content contains fantasy violence.;2017;;Kids;;Andrew Francis, Richard Ian Cox, Ashleigh Ball, Matt Hill, Brian Drummond, Paul Dobson;United States;;2017.0;5 Seasons;Kids' TV;6.8;458.0;;;;;;;;TV Show
edgar rice burroughs' tarzan and jane;TV-Y7-FV;Suitable for children ages 7 and older.  Content contains fantasy violence.;2017;;Kids;;Marci T. House, Michael Dobson, Omari Newton, Paul Dobson, Rebecca Shoichet, Giles Panton, Kathleen Barr, Doron Bell;;;2018.0;2 Seasons;Crime TV Shows, Kids' TV;4.8;270.0;;;;;;;;TV Show
lego dc comics: batman be-leaguered;TV-Y7;Suitable for children ages 7 and older;2014;;Kids;Rick Morales;Dee Bradley Baker, Troy Baker, John DiMaggio, Grey DeLisle, Tom Kenny, Nolan North, Khary Payton, James Arnold Taylor;United States;February 1, 2019;2014.0;22 min;Movies;;;;;;;;;;Movie
power rangers dino charge;TV-Y7;Suitable for children ages 7 and older;2015;;Kids;;Brennan Mejia, Camille Hyde, Yoshi Sudarso, Michael Taber, James Davies, Claire Blackwelder;United States;December 2, 2015;2015.0;1 Season;Kids' TV;;;;;;;;;;TV Show
bunks;TV-PG;Parental guidance suggested. May not be suitable for all children.;2013;;Parental Guidance;;;;;;;;;;;;;;;;;
the jungle book;PG;for some sequences of scary action and peril;2016;97.0;Parental Guidance;;Emma Tate, Jimmy Hibbert, Sam Gold, David Holt, Joseph J. Terry;India, Germany, France;May 11, 2019;2010.0;1 Season;Kids' TV;;;0;['Adventure', 'Drama', 'Family'];10.714235;[];1994-12-23;0.0;111.0;TV Show
the jungle book;PG;for some sequences of scary action and peril;2016;97.0;Parental Guidance;;Emma Tate, Jimmy Hibbert, Sam Gold, David Holt, Joseph J. Terry;India, Germany, France;May 11, 2019;2010.0;1 Season;Kids' TV;;;4000000;['Family', 'Animation', 'Adventure'];22.845448;['Walt Disney Pictures'];1967-10-17;205843612.0;78.0;TV Show
the jungle book;PG;for some sequences of scary action and peril;2016;97.0;Parental Guidance;;Emma Tate, Jimmy Hibbert, Sam Gold, David Holt, Joseph J. Terry;India, Germany, France;May 11, 2019;2010.0;1 Season;Kids' TV;;;175000000;['Family', 'Adventure', 'Drama', 'Fantasy'];17.432758;['Walt Disney Pictures', 'Walt Disney Studios Motion Pictures', 'Fairview Entertainment', 'Moving Picture Company (MPC)'];2016-04-07;966550600.0;106.0;TV Show
the angry birds movie;PG;for rude humor and action;2016;92.0;Parental Guidance;;;;;;;;;;73000000;['Family', 'Animation'];11.171927;['Columbia Pictures', 'Rovio Entertainment', 'Sony Pictures Imageworks (SPI)', 'Rovio Mobile', 'Rovio Animation'];2016-05-11;349779543.0;97.0;
the secret life of pets;PG;for action and some rude humor;2016;;Parental Guidance;;;;;;;;;;75000000;['Animation', 'Family'];11.01395;['Universal Pictures', 'Fuji Television Network', 'Dentsu', 'Illumination Entertainment'];2016-06-18;875457937.0;87.0;
the furchester hotel;TV-Y;Suitable for all ages.;2015;;Kids;;Sarah Burgess, Ryan Dillon, Louise Gold, David Rudman, Andrew Spooner, Mak Wilson;United Kingdom, United States;;2015.0;2 Seasons;British TV Shows, Kids' TV;;;;;;;;;;TV Show
marvel's hulk: where monsters dwell;PG;action violence throughout, some scary images, and language;2016;;Parental Guidance;Mitch Schauer;Fred Tatasciore, Liam O'Brien, Jesse Burch, Edward Bosco, Chiara Zanni, Mike Vaughn, Jon Olson, Matthew Waterson, Zach Callison, Laura Bailey, Hope Levy;United States;January 4, 2017;2016.0;75 min;Children & Family Movies, Sci-Fi & Fantasy;;;;;;;;;;Movie
angry birds;TV-G;Suitable for all ages.;2013;;Family;;Antti P├ñ├ñkk├╢nen, Helj├ñ Heikkinen, Lynne Guaglione, Pasi Ruohonen, Rauno Ahonen;Finland;;2018.0;3 Seasons;Kids' TV, TV Comedies;;;;;;;;;;TV Show
talking tom and friends;TV-G;Suitable for all ages.;2016;61.0;Family;;Colin Hanks, Tom Kenny, James Adomian, Lisa Schwartz, Maria Bamford;Cyprus, Austria, Thailand;;2017.0;2 Seasons;Kids' TV, TV Comedies;6.1;411.0;;;;;;;;TV Show
nexo knights;TV-Y7-FV;Suitable for children ages 7 and older.  Content contains fantasy violence.;2015;;Kids;;;;;;;;;;;;;;;;;
an extremely goofy movie;G;General Audiences. Suitable for all ages.;1999;67.0;Family;;;;;;;;;;0;['Animation', 'Family', 'Comedy'];10.368424;['Walt Disney Television Animation'];2000-02-29;0.0;79.0;
the iron giant;PG;fantasy action and mild language;1999;83.0;Parental Guidance;;;;;;;;;;70000000;['Adventure', 'Animation', 'Family', 'Fantasy', 'Science Fiction'];15.441459;['Warner Bros. Animation'];1999-08-06;23159305.0;86.0;
the cat in the hat knows a lot about that!;TV-Y;Suitable for all ages.;2014;;Kids;Tony Collingwood;Martin Short, Alexa Torrington, Jacob Ewaniuk, Robert Tinkler, Tracey Hoyt;Canada, United Kingdom, United States;;2014.0;2 Seasons;Kids' TV;6.4;620.0;;;;;;;;TV Show
bob the builder;TV-Y;Suitable for all ages.;2015;;Kids;;;;;;;;;;;;;;;;;
beyblade: metal fusion;TV-Y7;Suitable for children ages 7 and older;2009;;Kids;;Aki Kanada, Satoshi Hino, Emiri Kato, Kei Shindo, Robert Tinkler, Peter Cugno, Lisette St. Louis, Barbara Mamabolo;Japan;December 15, 2017;2009.0;1 Season;Anime Series, Kids' TV;;;;;;;;;;TV Show
ninja turtles: the next mutation;TV-Y7-FV;Suitable for children ages 7 and older.  Content contains fantasy violence.;1997;;Kids;;Jarred Blancard, Mitchell A. Lee Yuen, Dean Choe, Richard Yee, Gabe Khouth, Nicole Parker, Kirby Morrow, Matt Hill, Jason Gray-Stanford, Michael Dobson, Lalainia Lindbjerg, Shishir Inocalla, Fiona Scott, Stephen Mendel, Larry Lam, Geoff Wong;Canada, United States;January 1, 2016;1997.0;1 Season;Kids' TV, TV Comedies;;;;;;;;;;TV Show
dreamworks kung fu panda awesome secrets;TV-PG;Parental guidance suggested. May not be suitable for all children.;2008;;Parental Guidance;;Jack Black, Dustin Hoffman, Dennis Haysbert, Paul Scheer, Randall Duk Kim, David Cross, Jessica DiCicco, Jaycee Chan, Angelina Jolie, Seth Rogen, Tony Leondis;United States;July 1, 2019;2008.0;1 Season;Kids' TV, TV Action & Adventure, TV Comedies;;;;;;;;;;TV Show
lego ninjago: masters of spinjitzu;TV-Y7-FV;Suitable for children ages 7 and older.  Content contains fantasy violence.;2015;67.0;Kids;;Vincent Tong, Jillian Michaels, Ian James Corlett, John Novak, Paul Dobson, Michael Adamthwaite, Kelly Metzger, Brent Miller, Kirby Morrow, Brian Drummond, Mark Oliver, Michael Kopsa;Denmark, Singapore, Canada, United States;;2018.0;9 Seasons;Kids' TV;;;;;;;;;;TV Show
goosebumps;TV-Y7;Suitable for children ages 7 and older;1998;88.0;Kids;;R.L. Stine;Canada;;1998.0;5 Seasons;Kids' TV, TV Thrillers;7.6;13361.0;58000000;['Adventure', 'Horror', 'Comedy'];12.365292;['Columbia Pictures', 'Village Roadshow Pictures', 'Original Film', 'Sony Pictures Animation', 'Sony Pictures Entertainment (SPE)', 'Scholastic Entertainment', 'LStar Capital'];2015-08-05;158162788.0;103.0;TV Show
lego ninjago: masters of spinjitzu: way of the ninja;TV-Y7-FV;Suitable for children ages 7 and older.  Content contains fantasy violence.;2011;;Kids;;;;;;;;;;;;;;;;;
super buddies;G;General Audiences. Suitable for all ages.;2013;;Family;;;;;;;;;;0;['Family'];3.306917;['Key Pix Productions'];2013-08-07;0.0;81.0;
tad: the lost explorer;TV-PG;Parental guidance suggested. May not be suitable for all children.;2012;;Parental Guidance;;;;;;;;;;;;;;;;;
pok?∩┐╜mon: indigo league;TV-Y;Suitable for all ages.;2000;74.0;Kids;;;;;;;;;;;;;;;;;
ratchet and clank;PG;action and some rude humor;2016;74.0;Parental Guidance;;;;;;;;;;;;;;;;;
pac-man and the ghostly adventures;TV-Y7;Suitable for children ages 7 and older;2014;;Kids;;Erin Mathews, Sam Vincent, Andrea Libman, Ashleigh Ball, Ian James Corlett, Brian Drummond, Lee Tockar, Matt Hill;United States, Japan, Canada;;2014.0;2 Seasons;Kids' TV, TV Comedies;4.8;635.0;;;;;;;;TV Show
iron man & captain america: heroes united;PG;action and violence throughout, and mild language;2014;;Parental Guidance;Leo Riley;Adrian Pasdar, Roger Craig Smith, Fred Tatasciore, David Kaye, Clancy Brown, Liam O'Brien, Robin Atkin Downes, Dee Bradley Baker;United States;October 12, 2014;2014.0;71 min;Children & Family Movies, Sci-Fi & Fantasy;;;0;['Adventure', 'Animation', 'Action'];3.838554;['Marvel Studios'];2014-07-29;0.0;71.0;Movie
power rangers super megaforce;TV-Y7;Suitable for children ages 7 and older;2014;;Kids;;Andrew M. Gray, Ciara Hanna, John Mark Loudermilk, Christina Masterson, Azim Rizk, Geoff Dolan, Shailesh Prajapati, Ian Harcourt, Estevez Gillespie, Jason Hood;United States;January 1, 2016;2014.0;1 Season;Kids' TV;;;;;;;;;;TV Show
chuggington;TV-Y;Suitable for all ages.;2015;;Kids;;;;;;;;;;;;;;;;;
the adventures of puss in boots;TV-Y7-FV;Suitable for children ages 7 and older.  Content contains fantasy violence.;2016;78.0;Kids;;Eric Bauza, Jayma Mays, Grey DeLisle, Paul Rugg, Joshua Rush, Candi Milo, Laraine Newman;United States;;2018.0;6 Seasons;Kids' TV, TV Comedies;6.6;1696.0;;;;;;;;TV Show
some assembly required;TV-G;Suitable for all ages.;2015;;Family;;Kolton Stewart, Harrison Houde, Charlie Storwick, Sydney Scotia, Travis Turner, Ellie Harvie, Dylan Playfair;Canada;;2015.0;2 Seasons;Kids' TV, TV Comedies;8.5;22.0;;;;;;;;TV Show
kulipari: an army of frogs;TV-Y7-FV;Suitable for children ages 7 and older.  Content contains fantasy violence.;2016;;Kids;;Mark Hamill, Keith David, Wendie Malick, Josh Keaton, Mikey Kelley, Phil LaMarr, Laraine Newman, Jess Harnell, Charles Adler, Amy Margolis, Cree Summer, Lacey Chabert, Rolonda Watts, Kevin Michael Richardson, Candi Milo;United States;September 2, 2016;2016.0;1 Season;Kids' TV;6.9;254.0;;;;;;;;TV Show
transformers: robots in disguise;TV-Y7;Suitable for children ages 7 and older;2016;;Kids;;Will Friedle, Darren Criss, Constance Zimmer, Khary Payton, Mitchell Whitfield, Stuart Allan, Ted McGinley, Peter Cullen;United States;September 8, 2018;2016.0;1 Season;Kids' TV;6.0;1048.0;;;;;;;;TV Show
robocar poli;TV-Y;Suitable for all ages.;2012;;Kids;;Donald Reignoux, Alexis Tomassian, Thomas Sagols, Pierre Francois Pistori, Bruno Magne, Catherine Desplaces, Fily Keita, Adeline Chetail, Bertrand Liebert, Christophe Lemoine;South Korea;;2015.0;4 Seasons;Kids' TV, Korean TV Shows;5.8;125.0;;;;;;;;TV Show
lego bionicle: the journey to one;TV-Y7-FV;Suitable for children ages 7 and older.  Content contains fantasy violence.;2016;;Kids;;Nolan Balzer, Paolo Bryant, Jacqui Fox, Quinn Greene, Geoff Hughes, Cory Hunter, William Jordan, Corny Rempel, Michael Strickland;United States;;2016.0;2 Seasons;Kids' TV;5.5;170.0;;;;;;;;TV Show
voltron: legendary defender;TV-Y7-FV;Suitable for children ages 7 and older.  Content contains fantasy violence.;2017;;Kids;;Jeremy Shada, Tyler Labine, Bex Taylor-Klaus, Josh Keaton, Steven Yeun, Kimberly Brooks, Rhys Darby, A.J. LoCascio;United States;;2018.0;8 Seasons;Kids' TV;8.1;8706.0;;;;;;;;TV Show
buddy thunderstruck;TV-PG;Parental guidance suggested. May not be suitable for all children.;2017;;Parental Guidance;;Brian Atkinson, Ted Raimi, Harry Chaskin, Justin Michael, Debi Derryberry, Philip Maurice Hayes, Leigh Kelly, J.D. Ryznar, Nick Shakoour, Ryan Wiesbrock, Clark Wiesbrock;United States;March 10, 2017;2017.0;1 Season;Kids' TV, TV Comedies;7.8;489.0;;;;;;;;TV Show
pok?∩┐╜mon: xy;TV-Y7-FV;Suitable for children ages 7 and older.  Content contains fantasy violence.;2015;56.0;Kids;;;;;;;;;;;;;;;;;
power rangers dino super charge;TV-Y7;Suitable for children ages 7 and older;2016;;Kids;;Brennan Mejia, Camille Hyde, Yoshi Sudarso, Michael Taber, James Davies, Claire Blackwelder;United States;October 15, 2016;2016.0;1 Season;Kids' TV;;;;;;;;;;TV Show
the deep;TV-Y7;Suitable for children ages 7 and older;2015;;Kids;;Vincent Tong, Ashleigh Ball, Kathleen Barr, Michael Dobson, Brian Drummond;Canada, Australia;;2019.0;3 Seasons;Kids' TV;8.1;645.0;0;['Mystery', 'Thriller', 'Adventure'];10.507151;['EMI Films Ltd.', 'Casablanca Filmworks'];1977-06-17;0.0;123.0;TV Show
the deep;TV-Y7;Suitable for children ages 7 and older;2015;;Kids;;Vincent Tong, Ashleigh Ball, Kathleen Barr, Michael Dobson, Brian Drummond;Canada, Australia;;2019.0;3 Seasons;Kids' TV;8.1;645.0;3000000;['Drama'];2.469216;['Blueeyes Productions', 'Filmhuset Produksjoner'];2012-09-07;0.0;95.0;TV Show
skylanders academy;TV-Y7;Suitable for children ages 7 and older;2016;;Kids;;Justin Long, Ashley Tisdale, Jonathan Banks, Chris Diamantopoulos, Bobcat Goldthwait, Richard Steven Horvitz, Norm MacDonald, Daniel Middleton, Catherine O'Hara, Parker Posey, Jonny Rees, Jason Ritter, Susan Sarandon, Harland Williams, Daniel Wu, Dee Bradley Baker, Chris Cox, Jim Cummings, Felicia Day, John DiMaggio, Grey Griffin;South Korea, United States;;2018.0;3 Seasons;Kids' TV, TV Comedies;6.7;730.0;;;;;;;;TV Show
growing up wild;G;General Audiences. Suitable for all ages.;2016;80.0;Family;Keith Scholey;Daveed Diggs;United States;February 19, 2017;2016.0;78 min;Children & Family Movies, Documentaries;;;;;;;;;;Movie
the little rascals;PG;some rude dialogue;1994;86.0;Parental Guidance;;;;;;;;;;0;['Romance', 'Comedy', 'Family'];6.707109;['Universal Pictures', 'Amblin Entertainment', 'King World Entertainment'];1994-08-05;67308282.0;82.0;
flubber;PG;slapstick action and mild language;1997;83.0;Parental Guidance;;;;;;;;;;80000000;['Comedy', 'Family', 'Science Fiction'];7.016942;['Walt Disney Pictures', 'Great Oaks Entertainment'];1997-11-26;177977226.0;93.0;
tarzan;G;General Audiences. Suitable for all ages.;1999;95.0;Family;Chris Buck, Kevin Lima;Tony Goldwyn, Minnie Driver, Glenn Close, Brian Blessed, Nigel Hawthorne, Rosie O'Donnell, Lance Henriksen, Wayne Knight, Alex D. Linz;United States;June 23, 2018;1999.0;89 min;Children & Family Movies;;;150000000;['Adventure', 'Animation', 'Drama', 'Family'];12.453452;['Walt Disney Pictures'];1999-06-18;448000000.0;88.0;Movie
tarzan;G;General Audiences. Suitable for all ages.;1999;95.0;Family;Chris Buck, Kevin Lima;Tony Goldwyn, Minnie Driver, Glenn Close, Brian Blessed, Nigel Hawthorne, Rosie O'Donnell, Lance Henriksen, Wayne Knight, Alex D. Linz;United States;June 23, 2018;1999.0;89 min;Children & Family Movies;;;0;['Animation', 'Action', 'Adventure', 'Family'];8.651247;['Constantin Film Produktion', 'Ambient Entertainment GmbH'];2013-07-25;0.0;94.0;Movie
the emperor's new groove;G;General Audiences. Suitable for all ages.;2000;95.0;Family;;;;;;;;;;100000000;['Adventure', 'Animation', 'Comedy', 'Family', 'Fantasy'];12.297375;['Walt Disney Pictures', 'Walt Disney Feature Animation'];2000-12-09;169327687.0;78.0;
lilo & stitch;PG;mild sci-fi action;2002;95.0;Parental Guidance;;;;;;;;;;80000000;['Animation', 'Family'];18.469238;['Walt Disney Pictures', 'Walt Disney Feature Animation'];2002-06-21;145771527.0;85.0;
scooby-doo 2: monsters unleashed;PG;some scary action, rude humor and language;2004;82.0;Parental Guidance;;;;;;;;;;0;['Mystery', 'Fantasy', 'Adventure', 'Comedy'];7.65458;['Mosaic Media Group', 'Warner Bros.'];2004-03-24;181466833.0;93.0;
the three musketeers;G;General Audiences. Suitable for all ages.;2004;;Family;;;;;;;;;;30000000;['Action', 'Adventure', 'Comedy'];6.34785;['Walt Disney Pictures', 'Caravan Pictures'];1993-11-11;53898845.0;105.0;
the three musketeers;G;General Audiences. Suitable for all ages.;2004;;Family;;;;;;;;;;0;['Romance', 'Action', 'Adventure', 'Drama'];8.95072;"[""Loew's"", 'Metro-Goldwyn-Mayer (MGM)']";1948-10-10;0.0;125.0;
the three musketeers;G;General Audiences. Suitable for all ages.;2004;;Family;;;;;;;;;;0;['Action', 'Adventure', 'Comedy', 'Drama'];11.811966;['Film Trust S.A.', 'Alexander Salkind'];1973-12-11;0.0;105.0;
the three musketeers;G;General Audiences. Suitable for all ages.;2004;;Family;;;;;;;;;;1500000;['Action', 'Adventure', 'Romance'];0.310953;['Douglas Fairbanks Pictures'];1921-08-28;0.0;119.0;
the three musketeers;G;General Audiences. Suitable for all ages.;2004;;Family;;;;;;;;;;0;['Action', 'Adventure'];0.694665;['Mascot Pictures'];1933-04-07;0.0;210.0;
the three musketeers;G;General Audiences. Suitable for all ages.;2004;;Family;;;;;;;;;;75000000;['Adventure', 'Action', 'Thriller'];6.303466;['Impact Pictures', 'Studio Babelsberg', 'Nouvelles ├ëditions de Films (NEF)', 'New Legacy', 'Constantin Film Produktion'];2011-08-31;132274484.0;110.0;
the three musketeers;G;General Audiences. Suitable for all ages.;2004;;Family;;;;;;;;;;0;['Adventure', 'Action', 'Comedy'];0.131404;['Twentieth Century Fox Film Corporation'];1939-02-17;0.0;73.0;
mickey's twice upon a christmas;G;General Audiences. Suitable for all ages.;2004;;Family;;;;;;;;;;0;['Animation', 'Family'];5.512528;['Walt Disney Pictures', 'DisneyToon Studios'];2004-01-01;0.0;68.0;
the pacifier;PG;action violence, language and rude humor;2005;91.0;Parental Guidance;;;;;;;;;;56000000;['Action', 'Comedy', 'Drama', 'Family', 'Thriller'];7.81645;['Walt Disney Pictures', 'Spyglass Entertainment'];2005-03-04;113006880.0;95.0;
bee movie;PG;mild suggestive humor;2007;94.0;Parental Guidance;Steve Hickner, Simon J. Smith;Jerry Seinfeld, Ren├⌐e Zellweger, Matthew Broderick, Patrick Warburton, John Goodman, Chris Rock, Kathy Bates, Barry Levinson, Larry King, Ray Liotta;United States, Australia;January 1, 2017;2007.0;92 min;Children & Family Movies, Comedies;;;150000000;['Family', 'Animation', 'Adventure', 'Comedy'];8.774374;['Pacific Data Images (PDI)', 'DreamWorks Animation', 'Columbus 81 Productions'];2007-10-28;287594577.0;91.0;Movie
kung fu panda;PG;sequences of martial arts action;2008;91.0;Parental Guidance;;;;;;;;;;130000000;['Adventure', 'Animation', 'Family', 'Comedy'];16.897541;['DreamWorks Animation'];2008-06-04;631744560.0;90.0;
super why!;TV-Y;Suitable for all ages.;2015;68.0;Kids;;;;;;;;;;;;;;;;;
jessie;TV-G;Suitable for all ages.;2015;88.0;Family;;;;;;;;;;;;;;;;;
disney animation collection: vol. 1: mickey and the beanstalk;TV-G;Suitable for all ages.;2009;;Family;;;;;;;;;;;;;;;;;
lab rats;TV-Y7;Suitable for children ages 7 and older;2016;85.0;Kids;;;;;;;;;;;;;;;;;
pocoyo;TV-Y;Suitable for all ages.;2007;67.0;Kids;;Stephen Fry, Alex Marty;Spain, United Kingdom;;2017.0;4 Seasons;Kids' TV, Spanish-Language TV Shows;3.9;93.0;;;;;;;;TV Show
octonauts;TV-Y;Suitable for all ages.;2015;;Kids;;Keith Wickham, Jo Wyatt, Ross Breen, Simon Greenall, Paul Panting, Rob Rackstraw, Teresa Gallagher, Shelley Longworth;United States, Ireland, United Kingdom;;2015.0;4 Seasons;British TV Shows, Kids' TV;7.6;1049.0;;;;;;;;TV Show
dragons: race to the edge;TV-Y7-FV;Suitable for children ages 7 and older.  Content contains fantasy violence.;2017;88.0;Kids;;Jay Baruchel, America Ferrera, T.J. Miller, Christopher Mintz-Plasse, Andree Vermeulen, Zack Pearlman;United States;;2018.0;6 Seasons;Kids' TV, TV Action & Adventure;8.199999999999998;6161.0;;;;;;;;TV Show
mother goose club;TV-Y;Suitable for all ages.;2016;;Kids;;;United States;;2016.0;2 Seasons;Kids' TV;;;;;;;;;;TV Show
little einsteins;TV-Y;Suitable for all ages.;2007;70.0;Kids;;;;;;;;;;;;;;;;;
hotel transylvania 2;PG;some scary images, action and rude humor;2015;93.0;Parental Guidance;;;;;;;;;;80000000;['Animation', 'Comedy', 'Family'];11.760218;['Columbia Pictures', 'Sony Pictures Animation'];2015-09-21;473226958.0;89.0;
dawn of the croods;TV-Y7;Suitable for children ages 7 and older;2017;72.0;Kids;;Stephanie Lemelin, A.J. LoCascio, Dan Milano, Grey DeLisle, Cree Summer, Laraine Newman, Chris Parnell, Ana Gasteyer, Dee Bradley Baker, Thomas Lennon, Dominic Catrambone;United States;;2017.0;4 Seasons;Kids' TV;5.8;712.0;;;;;;;;TV Show
goosebumps;PG;scary and intense creature action and images, and for some rude humor;2015;90.0;Parental Guidance;;R.L. Stine;Canada;;1998.0;5 Seasons;Kids' TV, TV Thrillers;7.6;13361.0;58000000;['Adventure', 'Horror', 'Comedy'];12.365292;['Columbia Pictures', 'Village Roadshow Pictures', 'Original Film', 'Sony Pictures Animation', 'Sony Pictures Entertainment (SPE)', 'Scholastic Entertainment', 'LStar Capital'];2015-08-05;158162788.0;103.0;TV Show
kung fu panda 3;PG;martial arts action and some mild rude humor;2016;92.0;Parental Guidance;;;;;;;;7.1;152791.0;145000000;['Action', 'Adventure', 'Animation', 'Comedy', 'Family'];14.696548;['Twentieth Century Fox Film Corporation', 'DreamWorks Animation', 'China Film Co.', 'Oriental DreamWorks'];2016-01-23;521170825.0;95.0;MOVIE
home: adventures with tip & oh;TV-Y7;Suitable for children ages 7 and older;2017;;Kids;;Rachel Crow, Mark Whitten, Ana Ortiz, Ron Funches, Matt Jones, Nolan North;United States;;2018.0;4 Seasons;Kids' TV, TV Comedies;5.9;603.0;;;;;;;;TV Show
open season: scared silly;PG;rude humor and some action;2015;72.0;Parental Guidance;;;;;;;;;;0;['Animation', 'Comedy', 'Family', 'Adventure'];4.452672;['Sony Pictures Animation'];2015-12-31;0.0;85.0;
the land before time xiv: journey of the brave;G;General Audiences. Suitable for all ages.;2016;;Family;;;;;;;;;;0;['Adventure', 'Animation', 'Family'];1.987829;['Universal Animation Studios'];2016-02-02;0.0;82.0;
alice through the looking glass;PG;fantasy action/peril and some language;2016;96.0;Parental Guidance;;;;;;;;;;0;['Family', 'Fantasy'];1.13767;['IAC Film', 'Channel 4 Television Corporation', 'Projector Productions'];1998-12-26;0.0;83.0;
alice through the looking glass;PG;fantasy action/peril and some language;2016;96.0;Parental Guidance;;;;;;;;;;170000000;['Family', 'Fantasy'];14.61608;['Walt Disney Pictures', 'Team Todd', 'Tim Burton Productions', 'Roth Films', 'Legend3D'];2016-05-25;299370084.0;113.0;
ask the storybots;TV-Y;Suitable for all ages.;2016;;Kids;;Judy Greer, Erin Fitzgerald, Fred Tatasciore, Jeff Gill, Gregg Spiridellis, Evan Spiridellis;United States;;2019.0;3 Seasons;Kids' TV;8.4;870.0;;;;;;;;TV Show
goldie & bear;TV-Y;Suitable for all ages.;2016;77.0;Kids;;Natalie Lander, Georgie Kidder;United States;;2017.0;2 Seasons;Kids' TV;;;;;;;;;;TV Show
little baby bum: nursery rhyme friends;TV-Y;Suitable for all ages.;2016;;Kids;;Chloe Marsden, Aaron Marsden, Mar├¡a Esnoz;;;2019.0;2 Seasons;British TV Shows, Kids' TV;;;;;;;;;;TV Show
little baby bum: nursery rhyme friends;TV-Y;Suitable for all ages.;2016;;Kids;;;;;2016.0;60 min;Movies;;;;;;;;;;Movie
tayo the little bus;TV-Y;Suitable for all ages.;2014;;Kids;;Robyn Slade, Kami Desilets;South Korea;;2014.0;2 Seasons;Kids' TV, Korean TV Shows;5.2;156.0;;;;;;;;TV Show
antz;PG;moderate adult language and intense action;1998;80.0;Parental Guidance;;;;;;;;;;60000000;['Adventure', 'Animation', 'Comedy', 'Family'];16.025625;['DreamWorks SKG', 'Pacific Data Images (PDI)', 'DreamWorks Animation'];1998-10-02;171757863.0;83.0;
chicken run;G;General Audiences. Suitable for all ages.;2000;80.0;Family;;;;;;;;;;45000000;['Animation', 'Comedy', 'Family'];11.834245;['DreamWorks SKG', 'Aardman Animations', 'DreamWorks Animation', 'Path├⌐'];2000-06-21;224834564.0;84.0;
spy kids 3: game over;PG;action sequences and peril;2003;64.0;Parental Guidance;Robert Rodriguez;Daryl Sabara, Sylvester Stallone, Ricardo Montalban, Alexa PenaVega;United States;April 1, 2019;2003.0;83 min;Children & Family Movies, Comedies;;;;;;;;;;Movie
annie;PG;adult content and mld violence;1982;68.0;Parental Guidance;;;;;;;;6.6;44866.0;50000000;['Comedy', 'Drama', 'Family', 'Music'];8.997507;['Columbia Pictures', 'Rastar Pictures'];1982-06-18;57059003.0;127.0;MOVIE
annie;PG;adult content and mld violence;1982;68.0;Parental Guidance;;;;;;;;6.6;44866.0;65000000;['Comedy', 'Drama', 'Family'];13.275529;['Columbia Pictures', 'Olive Bridge Entertainment', 'Sony Pictures Entertainment (SPE)', 'Overbrook Entertainment', 'Marcy Media'];2014-12-19;133821816.0;119.0;MOVIE
annie;PG;adult content and mld violence;1982;68.0;Parental Guidance;;;;;;;;6.6;44866.0;0;['Music', 'Family', 'Comedy'];2.17699;['Walt Disney Television', 'Storyline Entertainment', 'Chris Montan Productions', 'Columbia TriStar Television'];1999-11-07;0.0;90.0;MOVIE
mulan 2;G;General Audiences. Suitable for all ages.;2004;85.0;Family;;;;;;;;;;;;;;;;;
lilo & stitch 2: stitch has a glitch;PG;some mild action;2005;85.0;Parental Guidance;;;;;;;;;;0;['Animation', 'Comedy', 'Family'];10.971661;['Walt Disney Pictures'];2005-01-29;0.0;68.0;
dreamworks shrek's swamp stories;TV-PG;Parental guidance suggested. May not be suitable for all children.;2008;56.0;Parental Guidance;;Mike Myers, Eddie Murphy, Cameron Diaz, Antonio Banderas, Kristen Schaal, Simon Cowell, Gilles Marini, Charlotte Newhouse, Dean Edwards, Cody Cameron, Christopher Knights, Conrad Vernon;United States;August 17, 2012;2008.0;1 Season;Kids' TV, TV Action & Adventure, TV Comedies;6.5;330.0;;;;;;;;TV Show
beverly hills chihuahua 3: viva la fiesta!;G;General Audiences. Suitable for all ages.;2012;;Family;;;;;;;;;;;;;;;;;
dreamworks spooky stories: volume 2;TV-PG;Parental guidance suggested. May not be suitable for all children.;2011;;Parental Guidance;;Seth Rogen, Kiefer Sutherland, Will Arnett, Hugh Laurie, Will Ferrell, David Cross, Sean Bishop, Cody Cameron, Aron Warner;;October 24, 2012;2011.0;1 Season;Kids' TV, TV Comedies;;;;;;;;;;TV Show
the magic school bus;TV-Y;Suitable for all ages.;1997;81.0;Kids;;Lily Tomlin, Daniel DeSanto, Erica Luttrell, Maia Filar, Lisa Yamanaka, Tara Meyer, Stuart Stone, Malcolm-Jamal Warner, Danny Tamberelli;Canada, United States;;1997.0;4 Seasons;Kids' TV;7.8;9708.0;;;;;;;;TV Show
sammy 2;TV-PG;Parental guidance suggested. May not be suitable for all children.;2012;;Parental Guidance;;;;;;;;;;;;;;;;;
sofia the first;TV-Y;Suitable for all ages.;2015;82.0;Kids;;Ariel Winter, Darcy Rose Byrnes, Sara Ramirez, Tim Gunn, Coco Grayson, Travis Willingham, Wayne Brady, Jess Harnell, Meghan Strange, Zach Callison;United States;;2017.0;4 Seasons;Kids' TV;6.8;2915.0;;;;;;;;TV Show
barbie life in the dreamhouse;TV-G;Suitable for all ages.;2012;85.0;Family;;Kate Higgins, Sean Hankinson, Haviland Stillwell, Paula Rhodes, Charlie Bodin, Laura Gerow, Katie Crown, Nakia Burrise, Tara Sands, Ashlyn Selich;United States;July 1, 2017;2012.0;1 Season;Kids' TV, TV Comedies;;;;;;;;;;TV Show
paddington;PG;mild action and rude humor;2014;70.0;Parental Guidance;;;;;;;;7.2;111092.0;55000000;['Family', 'Comedy'];15.686837;['The Weinstein Company', 'StudioCanal', 'TF1 Films Production', 'Canal+', 'Heyday Films', 'Cin├⌐+', 'Anton Capital Entertainment (ACE)', 'TF1', 'Amazon Prime Instant Video'];2014-11-27;259207227.0;95.0;MOVIE
larva;TV-G;Suitable for all ages.;2015;;Family;;;Russia;;2015.0;3 Seasons;Kids' TV, Korean TV Shows, TV Comedies;7.1;582.0;;;;;;;;TV Show
sid the science kid;TV-Y;Suitable for all ages.;2008;;Kids;;;;;;;;;;;;;;;;;
minions;PG;action and rude humor;2015;96.0;Parental Guidance;;;;;;;;;;74000000;['Family', 'Animation', 'Adventure', 'Comedy'];547.488298;['Universal Pictures', 'Illumination Entertainment'];2015-06-17;1156730962.0;91.0;
the little prince;PG;mild thematic elements;2015;71.0;Parental Guidance;Mark Osborne;Jeff Bridges, Rachel McAdams, Paul Rudd, Bud Cort, Marion Cotillard, Benicio Del Toro, James Franco, Ricky Gervais, Paul Giamatti, Riley Osborne, Albert Brooks, Mackenzie Foy;France;August 5, 2016;2016.0;107 min;Children & Family Movies;;;0;['Science Fiction', 'Fantasy', 'Family', 'Music'];6.582652;['Paramount Pictures'];1974-11-06;0.0;88.0;Movie
the little prince;PG;mild thematic elements;2015;71.0;Parental Guidance;Mark Osborne;Jeff Bridges, Rachel McAdams, Paul Rudd, Bud Cort, Marion Cotillard, Benicio Del Toro, James Franco, Ricky Gervais, Paul Giamatti, Riley Osborne, Albert Brooks, Mackenzie Foy;France;August 5, 2016;2016.0;107 min;Children & Family Movies;;;64000000;['Adventure', 'Animation', 'Fantasy'];11.376954;['Onyx Films', 'NetFlix', 'Orange Studios', 'CityMation', 'On Entertainment', 'Zippcast Films'];2015-07-29;97571250.0;92.0;Movie
word party;TV-Y;Suitable for all ages.;2016;;Kids;;Victor Yerrid, Alice Dinnean, Alon Williams, Donna Kimball, John Munro Cameron, John Tartaglia, Arty Casas, Dorien Davies, Misty Rosas, Patina Miller;United States;;2017.0;3 Seasons;Kids' TV;5.7;349.0;;;;;;;;TV Show
cool runnings;PG;Parental guidance suggested. May not be suitable for children.;1993;81.0;Parental Guidance;;;;;;;;;;14000000;['Comedy'];8.30721;['Walt Disney'];1993-09-30;154864401.0;98.0;
homeward bound: the incredible journey;G;General Audiences. Suitable for all ages.;1993;96.0;Family;;;;;;;;;;0;['Adventure', 'Comedy', 'Drama', 'Family'];7.186506;['Walt Disney Pictures', 'Touchwood Pacific Partners 1'];1993-02-03;0.0;84.0;
anastasia;G;General Audiences. Suitable for all ages.;1997;93.0;Family;;;;;;;;;;53000000;['Animation', 'Family'];11.911173;['Twentieth Century Fox Film Corporation', 'Fox Animation Studios', 'Fox Family Films', 'The Big Gun Project', 'Little Wolf Entertainment'];1997-11-20;139804348.0;94.0;
anastasia;G;General Audiences. Suitable for all ages.;1997;93.0;Family;;;;;;;;;;3520000;['Drama', 'Comedy', 'Romance'];3.504149;['Twentieth Century Fox Film Corporation'];1956-12-13;0.0;105.0;
missione hamburger;PG;language, some comic violence and mild sex-related humor;1997;75.0;Parental Guidance;;;;;;;;;;;;;;;;;
curious george;G;General Audiences. Suitable for all ages.;2006;55.0;Family;;;;;;;;;;50000000;['Adventure', 'Animation', 'Comedy', 'Family'];12.602502;['Imagine Entertainment', 'Universal Pictures', 'Universal Animation Studios'];2006-02-10;69834815.0;86.0;
secret of the wings;G;General Audiences. Suitable for all ages.;2012;65.0;Family;;;;;;;;;;0;['Animation', 'Family', 'Fantasy', 'Adventure'];9.32058;['DisneyToon Studios', 'Walt Disney Animation Studios', 'Prana Animation Studios'];2012-08-17;0.0;92.0;
clifford the big red dog;TV-Y;Suitable for all ages.;2002;;Kids;;;;;;;;;;;;;;;;;
walt disney animation studios short films collection;TV-G;Suitable for all ages.;2015;84.0;Family;Chris Buck, Jennifer Lee, Patrick Osborne, Lauren MacMullan, John Kahrs, Nathan Greno, Byron Howard, Stevie Wermers, Dean Wellins, Kevin Deters, Roger Allers, Mike Gabriel, Mark Henn;Kristen Bell, Josh Gad, Jonathan Groff, Idina Menzel, Geoffrey Jones, Alfre Woodard, Carrie Harrington, Tim Hodge, David Murray, Sarah Chalke, Dave Foley, Derek Richardson, Betty White, Zachary Levi, Mandy Moore;United States;October 25, 2015;2015.0;90 min;Children & Family Movies;;;;;;;;;;Movie
bunk'd;TV-G;Suitable for all ages.;2016;61.0;Family;;Peyton List, Karan Brar, Skai Jackson, Miranda May, Kevin G. Quinn, Nathan Arenas, Nina Lu;United States;;2018.0;3 Seasons;Kids' TV, TV Comedies;5.3;3174.0;;;;;;;;TV Show
the bfg;PG;for action/peril, some scary moments and brief rude humor;2016;97.0;Parental Guidance;;;;;;;;;;140000000;['Adventure', 'Family', 'Fantasy'];18.769476;['Walt Disney Pictures', 'Amblin Entertainment', 'Reliance Entertainment', 'Kennedy/Marshall Company, The', 'Walden Media'];2016-06-01;183345589.0;120.0;
the real ghostbusters;TV-Y7;Suitable for children ages 7 and older;1990;65.0;Kids;;;;;;;;;;;;;;;;;
babe: pig in the city;G;General Audiences. Suitable for all ages.;1998;;Family;;;;;;;;;;90000000;['Adventure', 'Comedy', 'Drama', 'Family', 'Fantasy'];6.229629;['Kennedy Miller Productions'];1998-11-25;69131860.0;92.0;
the prince of egypt;PG;intense scenes dealing with strong content;1998;81.0;Parental Guidance;;;;;;;;;;70000000;['Adventure', 'Animation', 'Drama', 'Family', 'Music'];11.898185;['DreamWorks SKG', 'DreamWorks Animation'];1998-12-15;218613188.0;99.0;
paulie;PG;Parental guidance suggested. May not be suitable for children.;1998;;Parental Guidance;;;;;;;;;;0;['Comedy', 'Family'];3.913118;['DreamWorks SKG', 'Mutual Film Company'];1998-04-17;0.0;91.0;
the road to el dorado;PG;mild thematic material and language;2000;91.0;Parental Guidance;;;;;;;;;;95000000;['Adventure', 'Animation', 'Comedy', 'Family'];8.755188;['DreamWorks SKG', 'DreamWorks Animation'];2000-03-31;76432727.0;89.0;
fantasia 2000;G;General Audiences. Suitable for all ages.;2000;;Family;;;;;;;;;;80000000;['Animation', 'Family', 'Music'];14.972573;['Walt Disney Pictures'];1999-12-17;90874570.0;74.0;
pocahontas ii: journey to a new world;TV-G;Suitable for all ages.;1998;64.0;Family;;;;;;;;;;0;['Adventure', 'Animation', 'Romance', 'Family'];8.763892;['Walt Disney Pictures'];1998-08-04;0.0;72.0;
fantasia;G;General Audiences. Suitable for all ages.;1940;61.0;Family;;;;;;;;;;2280000;['Animation', 'Family', 'Music'];8.03796;['Walt Disney Pictures'];1940-11-13;83320000.0;124.0;
an american tail;G;General Audiences. Suitable for all ages.;1986;67.0;Family;Don Bluth;Erica Yohn, Nehemiah Persoff, Amy Green, Phillip Glasser, Christopher Plummer, John Finnegan, Will Ryan, Hal Smith, Dom DeLuise, Madeline Kahn;United States;April 1, 2018;1986.0;80 min;Children & Family Movies;;;9000000;['Drama', 'Family', 'Animation', 'Adventure'];11.928545;['Universal Pictures', 'Amblin Entertainment'];1986-11-21;84542002.0;80.0;Movie
pooh's grand adventure: the search for christopher robin;G;General Audiences. Suitable for all ages.;1997;;Family;;;;;;;;;;0;['Animation', 'Family'];5.83918;['Walt Disney Studios Home Entertainment'];1997-08-05;0.0;76.0;
ferngully 2: the magical rescue;G;General Audiences. Suitable for all ages.;1998;;Family;;;;;;;;;;0;['Animation', 'Family'];1.273338;['20th Century Fox Home Entertainment', 'CBS Films', 'Buena Vista International'];1998-03-17;0.0;72.0;
balto 2: wolf quest;G;General Audiences. Suitable for all ages.;2001;;Family;Phil Weinstein;Maurice LaMarche, Jodi Benson, Lacey Chabert, David Carradine, Mark Hamill, Charles Fleischer, Peter MacNicol, Rob Paulsen, Nicolette Little, Melanie Stone;United States;April 1, 2018;2001.0;75 min;Children & Family Movies;;;;;;;;;;Movie
balto;G;General Audiences. Suitable for all ages.;1995;64.0;Family;Simon Wells;Kevin Bacon, Bob Hoskins, Bridget Fonda, Jim Cummings, Phil Collins, Jack Angel, Danny Mann, Robbie Rist;United States;April 1, 2018;1995.0;78 min;Children & Family Movies, Dramas;;;0;['Family', 'Animation', 'Adventure'];12.140733;['Universal Pictures', 'Amblin Entertainment', 'Amblimation'];1995-12-22;11348324.0;78.0;Movie
back to the secret garden;G;General Audiences. Suitable for all ages.;2002;;Family;;;;;;;;;;0;['Fantasy', 'Drama', 'Family'];1.126743;['Artisan Entertainment', 'Hallmark Entertainment'];2001-01-01;0.0;100.0;
the brave little toaster goes to mars;G;General Audiences. Suitable for all ages.;1998;;Family;;;;;;;;;;0;['Animation', 'Family'];1.614156;[];1998-05-19;0.0;73.0;
the brave little toaster to the rescue;G;General Audiences. Suitable for all ages.;1997;;Family;;;;;;;;;;0;['Animation', 'Comedy', 'Family', 'Fantasy'];2.799264;[];1997-11-01;0.0;74.0;
an american tail: the mystery of the night monster;G;General Audiences. Suitable for all ages.;1999;;Family;Larry Latham;Thomas Dekker, Lacey Chabert, Jane Singer, Nehemiah Persoff, Susan Boyd, Robert Hays, Pat Musick, Dom DeLuise, Candi Milo, Jeff Bennett;United States;April 1, 2018;1999.0;75 min;Children & Family Movies;;;0;['Adventure', 'Fantasy', 'Animation', 'Science Fiction', 'Mystery', 'Family'];5.832963;['Universal Pictures'];1999-02-04;0.0;78.0;Movie
an american tail: fievel goes west;G;General Audiences. Suitable for all ages.;1991;;Family;Phil Nibbelink, Simon Wells;Philip Glasser, James Stewart, Erica Yohn, Cathy Cavadini, Nehemiah Persoff, Dom DeLuise, Amy Irving, John Cleese, Jon Lovitz;United States;April 1, 2018;1991.0;75 min;Children & Family Movies;;;0;['Adventure', 'Animation', 'Family'];8.800701;['Universal Pictures', 'Amblin Entertainment', 'Amblimation'];1991-11-21;40766041.0;75.0;Movie
the last unicorn;G;General Audiences. Suitable for all ages.;1982;;Family;;;;;;;;;;0;['Fantasy', 'Animation', 'Family'];6.634939;['Topcraft', 'Rankin/Bass Productions', 'Incorporated Television Company'];1982-11-19;6455530.0;92.0;
brother bear 2;G;General Audiences. Suitable for all ages.;2006;57.0;Family;;;;;;;;;;0;['Adventure', 'Animation', 'Family'];10.861154;['DisneyToon Studios'];2006-08-17;0.0;73.0;
the fox and the hound 2;G;General Audiences. Suitable for all ages.;2006;;Family;;;;;;;;;;24000000;['Adventure', 'Animation', 'Comedy', 'Family'];7.432461;['Walt Disney Pictures', 'DisneyToon Studios', 'Hot Donut Productions'];2006-11-09;0.0;69.0;
jetsons: the movie;G;General Audiences. Suitable for all ages.;1990;;Family;;;;;;;;;;0;['Animation', 'Comedy', 'Family', 'Science Fiction'];9.063683;['Universal Pictures', 'Hanna-Barbera Productions'];1990-06-06;0.0;82.0;
a monster in paris;PG;some action violence involving gunplay, and mild rude humor;2011;;Parental Guidance;;;;;;;;;;25000000;['Adventure', 'Animation', 'Comedy', 'Family', 'Fantasy'];7.093805;['Europa Corp', 'Scanbox'];2011-10-12;0.0;90.0;
the gruffalo;TV-Y;Suitable for all ages.;2009;;Kids;;;;;;;;;;0;['Animation', 'Family'];8.575933;['Magic Light Pictures'];2009-12-25;0.0;27.0;
dreamworks how to train your dragon legends;TV-PG;Parental guidance suggested. May not be suitable for all children.;2011;;Parental Guidance;;Jay Baruchel, Gerard Butler, Craig Ferguson, America Ferrera, Christopher Mintz-Plasse, Jonah Hill, T.J. Miller, Kristen Wiig, Jim Cummings, Tress MacNeille;United States;July 20, 2012;2011.0;1 Season;Kids' TV, TV Action & Adventure, TV Sci-Fi & Fantasy;7.3;264.0;;;;;;;;TV Show
ernest & celestine;PG;some scary moments;2012;;Parental Guidance;;;;;;;;;;12516654;['Animation', 'Comedy', 'Drama', 'Family'];7.225779;['StudioCanal', 'La Parti Productions', 'Les Armateurs', 'Melusine Productions', 'Maybe Movies', 'Gkids'];2012-12-12;8109160.0;78.0;
animaniacs;TV-Y7;Suitable for children ages 7 and older;1997;72.0;Kids;;;;;;;;;;;;;;;;;
disney animation collection: vol. 4: the tortoise and the hare;TV-G;Suitable for all ages.;2009;;Family;;;;;;;;;;;;;;;;;
poppixie;TV-G;Suitable for all ages.;2011;;Family;;;;;;;;;;;;;;;;;
jack and the cuckoo-clock heart;PG;scary images, suggestive material, some language and smoking;2013;;Parental Guidance;Mathias Malzieu, St├⌐phane Berla;Orlando Seale, Samantha Barks, Harry Sadeghi, Stephane Cornicard, Jessie Buckley, Sophia Ellis, Barbara Scaff, Michelle Fairley, Richard Ridings, Howard Samuels;France, Belgium;February 8, 2017;2013.0;93 min;Children & Family Movies, Music & Musicals;;;33;['Animation', 'Romance', 'Adventure', 'Drama', 'Fantasy'];6.0457;['EuropaCorp', 'France 3 Cinema', 'Duran'];2013-11-17;0.0;94.0;Movie
the pirate fairy;G;General Audiences. Suitable for all ages.;2014;57.0;Family;Peggy Holmes;Mae Whitman, Christina Hendricks, Tom Hiddleston, Lucy Liu, Raven-Symon├⌐, Megan Hilty, Pamela Adlon, Angela Bartys, Jim Cummings, Carlos Ponce, Mick Wingert, Kevin Michael Richardson, Jeff Bennett, Rob Paulsen, Grey DeLisle, Kari Wahlgren, Jane Horrocks, Jesse McCartney, Anjelica Huston;United States;June 15, 2014;2014.0;78 min;Children & Family Movies;;;;;;;;;;Movie
axel: the biggest little hero;PG;some scary images, perilous action sequences and mild rude humor;2013;;Parental Guidance;;;;;;;;;;;;;;;;;
the adventures of figaro pho;TV-Y7;Suitable for children ages 7 and older;2015;;Kids;;Luke Jurevicius, Craig Behenna, Charlotte Hamlyn, Stavroula Mountzouris, Aletheia Burney;Australia;;2015.0;2 Seasons;Kids' TV, TV Comedies;;;;;;;;;;TV Show
the boxcar children;G;General Audiences. Suitable for all ages.;2014;;Family;;;;;;;;;;5;['Family', 'Animation', 'Adventure'];0.929799;['Village Roadshow Pictures', 'Warner Bros.', 'Hammerhead Productions'];2014-08-05;0.0;86.0;
pet pals in windland;TV-G;Suitable for all ages.;2014;;Family;;;;;;;;;;;;;;;;;
alpha and omega: dino digs;TV-G;Suitable for all ages.;2016;;Family;;;;;;;;;;;;;;;;;
quackerz;PG;rude and suggestive humor, and some action;2016;;Parental Guidance;;;;;;;;;;;;;;;;;
hatched;TV-Y7;Suitable for children ages 7 and older;2013;;Kids;;;;;;;;;;;;;;;;;
blinky bill: the movie;PG;some rude humor;2015;;Parental Guidance;Deane Taylor;Ryan Kwanten, Rufus Sewell, Toni Collette, Robin McLeavy, David Wenham, Barry Humphries, Richard Roxburgh, Deborah Mailman, Barry Otto;Australia, United States;February 8, 2017;2015.0;91 min;Children & Family Movies;;;;;;;;;;Movie
ferngully: the last rainforest;G;General Audiences. Suitable for all ages.;1992;70.0;Family;;;;;;;;;;0;['Fantasy', 'Animation', 'Science Fiction', 'Family'];7.477944;['Twentieth Century Fox Film Corporation', 'Kroyer Films', 'Youngheart Productions', 'FAI Films'];1992-04-10;32710894.0;76.0;
the lizzie mcguire movie;PG;mild thematic elements;2003;;Parental Guidance;;;;;;;;;;17000000;['Family', 'Comedy'];6.730857;['Walt Disney Pictures', 'Teen Life Productions'];2003-04-25;55534455.0;94.0;
recess: taking the fifth grade;G;General Audiences. Suitable for all ages.;2003;;Family;;;;;;;;;;;;;;;;;
the very hungry caterpillar and other stories;TV-Y;Suitable for all ages.;1993;;Kids;;;;;;;;;;;;;;;;;
the hero of color city;G;General Audiences. Suitable for all ages.;2014;;Family;;;;;;;;;;0;['Animation'];1.066926;['Exodus Film Group'];2014-10-03;0.0;77.0;
the little engine that could;G;General Audiences. Suitable for all ages.;2011;;Family;;;;;;;;;;0;['Action', 'Adventure', 'Family'];0.000124;['Dave Edwards Studio'];1991-01-01;0.0;30.0;
delhi safari;PG;violence and menacing action, rude humor, suggestive content and thematic elements;2012;;Parental Guidance;;;;;;;;;;0;['Animation', 'Comedy', 'Family', 'Foreign'];1.354611;[];2012-10-19;0.0;90.0;
pound puppies;TV-Y;Suitable for all ages.;2013;;Kids;;;;;;;;;;;;;;;;;
monster math squad;TV-G;Suitable for all ages.;2012;;Family;;;;;;;;;;;;;;;;;
care bears: welcome to care-a-lot;TV-Y;Suitable for all ages.;2012;;Kids;;David Lodge, Patty Mattson, Doug Erholtz, Stephanie Sheh, Nayo Wallace, Michael Sinterniklaas, Michaela Dean;United States;August 2, 2019;2012.0;1 Season;Kids' TV;;;;;;;;;;TV Show
clifford's puppy days;TV-Y;Suitable for all ages.;2003;;Kids;;;;;;;;;;;;;;;;;
dinosaur king;TV-Y7-FV;Suitable for children ages 7 and older.  Content contains fantasy violence.;2008;;Kids;;Megumi Matsumoto, Matsuri Mizuguchi, Tomoko Kobashi, Asuka Tanii, Seiko Tamura, Veronica Taylor, Sebastian Arcelus, Kether Donohue, Rachael Lillis, Madeleine Blaustein;Japan;;2008.0;2 Seasons;Anime Series, Kids' TV;5.6;720.0;;;;;;;;TV Show
ribbit;PG;some peril;2014;;Parental Guidance;;;;;;;;;;;;;;;;;
rooster doodle-doo;TV-G;Suitable for all ages.;2014;;Family;;;;;;;;;;;;;;;;;
my animal friends;TV-Y;Suitable for all ages.;2013;;Kids;;;;;;;;;;;;;;;;;
worms;PG;Parental guidance suggested. May not be suitable for children.;2013;;Parental Guidance;;;;;;;;;;;;;;;;;
puffin rock;TV-Y;Suitable for all ages.;2016;;Kids;;Chris O'Dowd, Kate McCafferty, Sally McDaid, Geraldine Cole, Brian McMonagle, Darragh Gargan;Ireland;;2016.0;2 Seasons;Kids' TV;8.699999999999998;891.0;;;;;;;;TV Show
the mr. peabody and sherman show;TV-Y7;Suitable for children ages 7 and older;2017;;Kids;;Chris Parnell, Max Charles, Dieter Jansen, Da'Vine Joy Randolph;United States;;2017.0;4 Seasons;Kids' TV, TV Comedies;;;;;;;;;;TV Show
zoobabu;TV-Y;Suitable for all ages.;2010;;Kids;;;;;;;;;;;;;;;;;
gon;TV-G;Suitable for all ages.;2013;;Family;;;;;;;;;;;;;;;;;
sid the science kid: the movie;TV-Y;Suitable for all ages.;2012;;Kids;;;;;;;;;;;;;;;;;
lego jurassic world: the indominus escape;TV-Y7;Suitable for children ages 7 and older;2016;;Kids;Michael D. Black;A.J. LoCascio, Sendhil Ramamurthy, Fred Tatasciore, Jake Johnson, Lauren Lapkus, Zachary Levi, BD Wong, David Gunning;United States;October 4, 2016;2016.0;25 min;Children & Family Movies, Comedies;;;;;;;;;;Movie
harry and the hendersons;PG;Parental guidance suggested. May not be suitable for children.;1987;58.0;Parental Guidance;;;;;;;;;;0;['Comedy', 'Family', 'Fantasy'];9.296024;['Universal Pictures', 'Amblin Entertainment'];1987-06-05;49998613.0;110.0;
cats & dogs;PG;animal action and humor;2001;;Parental Guidance;;;;;;;;;;60000000;['Comedy', 'Family'];8.142251;['Village Roadshow Pictures', 'NPV Entertainment', 'Mad Chance', 'Zide-Perry Productions', 'Warner Bros.', 'BenderSpink'];2001-07-04;93375151.0;87.0;
atlantis: the lost empire;PG;action violence;2001;96.0;Parental Guidance;;;;;;;;;;120000000;['Animation', 'Family', 'Adventure', 'Science Fiction'];10.901602;['Walt Disney Pictures', 'Walt Disney Feature Animation'];2001-06-02;186053725.0;95.0;
tarzan & jane;G;General Audiences. Suitable for all ages.;2002;;Family;;;;;;;;;;0;['Animation', 'Family'];6.237055;['DisneyToon Studios', 'Disney Television Animation'];2002-06-24;0.0;75.0;
atlantis: milo's return;G;General Audiences. Suitable for all ages.;2003;79.0;Family;;;;;;;;;;0;['Fantasy', 'Animation', 'Science Fiction', 'Family', 'Action'];7.751536;['Walt Disney Pictures'];2003-02-25;0.0;70.0;
batched;G;General Audiences. Suitable for all ages.;2000;;Family;;;;;;;;;;;;;;;;;
winnie the pooh: springtime with roo;G;General Audiences. Suitable for all ages.;2004;;Family;;;;;;;;;;;;;;;;;
pooh's heffalump movie;G;General Audiences. Suitable for all ages.;2005;;Family;;;;;;;;;;0;['Animation', 'Family'];10.096263;['Walt Disney Pictures'];2005-02-11;0.0;68.0;
kronk's new groove;G;General Audiences. Suitable for all ages.;2005;;Family;;;;;;;;;;0;['Animation', 'Comedy', 'Family'];7.680092;['Walt Disney Pictures', 'Toon City'];2005-12-05;0.0;72.0;
corpse bride;PG;some scary images and action, and brief mild language;2005;91.0;Parental Guidance;;;;;;;;7.3;265023.0;40000000;['Romance', 'Fantasy', 'Animation', 'Music'];12.920032;['Warner Bros.', 'Tim Burton Productions', 'Laika Entertainment', 'Patalex Productions'];2005-09-09;117195061.0;77.0;MOVIE
disney animation collection: vol. 2: three little pigs;TV-G;Suitable for all ages.;2009;;Family;;;;;;;;;;;;;;;;;
underdogs;PG;Parental guidance suggested. May not be suitable for children.;2013;;Parental Guidance;;;;;;;;6.5;9535.0;22000000;['Animation', 'Adventure', 'Romance'];14.347931;['100 Bares', 'Ministerio de Cultura', 'Instituto de Cr├⌐dito Oficial (ICO)', 'Televisi├│n Federal (Telefe)', '369 Productions', 'Catmandu Branded Entertainment', 'JEMPSA', 'Plural - Jempsa', 'Prana Animation Studios'];2013-07-18;24000000.0;106.0;MOVIE
yellowbird;PG;Parental guidance suggested. May not be suitable for children.;2014;;Parental Guidance;Christian De Vita;Dakota Fanning, Seth Green, Christine Baranski, Zachary Gordon, Richard Kind, Danny Glover, Elliott Gould, Ryan Lee, Jim Rash, Yvette Nicole Brown, Kostja Ullmann;France, Belgium;August 5, 2015;2014.0;90 min;Children & Family Movies, Comedies;;;0;['Animation', 'Family', 'Comedy'];2.308762;['Haut et Court', 'Panache Productions', 'Compagnie Fran├ºaise Cin├⌐matographique (CFC)', 'TeamTO'];2014-11-06;0.0;90.0;Movie
mr. magoo;PG;mild language and action sequences;1997;;Parental Guidance;;;;;;;;;;30000000;['Comedy', 'Family'];9.474269;['Walt Disney Pictures'];1997-12-25;0.0;84.0;
air bud: world pup;G;General Audiences. Suitable for all ages.;2000;;Family;;;;;;;;;;;;;;;;;
baby's day out;PG;mild language and comic action;1994;71.0;Parental Guidance;;;;;;;;;;50000000;['Action', 'Adventure', 'Comedy', 'Family'];12.508518;['Twentieth Century Fox Film Corporation'];1994-07-01;16671505.0;99.0;
blank check;PG;Parental guidance suggested. May not be suitable for children.;1994;93.0;Parental Guidance;;;;;;;;;;13000000;['Comedy', 'Family'];12.960346;['Walt Disney Pictures'];1994-02-11;0.0;93.0;
heavyweights;PG;some rude language and pranks;1995;74.0;Parental Guidance;;;;;;;;;;0;['Comedy', 'Family', 'Drama'];9.546707;['Walt Disney Pictures', 'Caravan Pictures'];1995-02-17;17689177.0;100.0;
heavyweights;PG;some rude language and pranks;1995;74.0;Parental Guidance;;;;;;;;;;0;['Comedy'];0.874698;[];2007-01-18;0.0;94.0;
inspector gadget 2;G;General Audiences. Suitable for all ages.;2003;;Family;;;;;;;;;;12000000;['Action', 'Adventure', 'Comedy', 'Family'];10.923985;['Walt Disney Pictures', 'Fountain Films'];2003-03-11;0.0;89.0;
air bud: spikes back;G;General Audiences. Suitable for all ages.;2003;;Family;;;;;;;;;;5000000;['Comedy', 'Family'];1.757851;['Walt Disney Studios HE'];2003-07-01;0.0;87.0;
d2: the mighty ducks;PG;some mild language and rough hockey action;1994;70.0;Parental Guidance;;;;;;;;;;0;['Action', 'Comedy', 'Drama', 'Family'];11.117131;['Walt Disney'];1994-03-25;45610410.0;106.0;
honey, i shrunk the kids;PG;Parental guidance suggested. May not be suitable for children.;1989;80.0;Parental Guidance;;;;;;;;;;32000000;['Adventure', 'Comedy', 'Family', 'Science Fiction'];12.358786;['Buena Vista'];1989-06-22;222724172.0;93.0;
air buddies;PG;some mild, rude humor;2006;;Parental Guidance;;;;;;;;;;9000000;['Adventure', 'Comedy', 'Family'];7.775902;[];2006-12-12;0.0;80.0;
dr. dolittle: tail to the chief;PG;brief mild language and some rude behavior;2008;;Parental Guidance;;;;;;;;;;0;['Comedy', 'Family', 'Fantasy'];2.021759;[];2008-03-04;0.0;85.0;
flicka 2;PG;some reckless behavior;2010;;Parental Guidance;;;;;;;;;;0;['Adventure'];1.669915;['20th Century Fox Film Corporation'];2010-05-04;0.0;96.0;
h2o: just add water;TV-PG;Parental guidance suggested. May not be suitable for all children.;2009;74.0;Parental Guidance;;Cariba Heine, Phoebe Tonkin, Angus McLaren, Burgess Abernethy, Claire Holt, Alan David Lee, Cleo Massey, Jamie Timony;Australia;;2009.0;3 Seasons;Kids' TV, TV Dramas;7.2;14782.0;;;;;;;;TV Show
dolphin tale;PG;some mild thematic elements;2011;;Parental Guidance;;;;;;;;;;37000000;['Drama', 'Family'];6.695229;['Alcon Entertainment', 'Arc Productions'];2011-09-23;95404397.0;113.0;
step dogs;TV-PG;Parental guidance suggested. May not be suitable for all children.;2013;;Parental Guidance;;;;;;;;;;;;;;;;;
mia and me;TV-Y;Suitable for all ages.;2015;;Kids;;Rosabell Laurenti Sellers, Adrian Moore, Saphia Stoney, Josephine Benini, Andrew Craig, Tajja Isen, Rod Wilson, Linda Ballantyne, Jonathan Wilson, Elizabeth Hanna, Norma Dell'Agnese;Netherlands, Germany, Italy, Canada;;2015.0;2 Seasons;Kids' TV;;;;;;;;;;TV Show
russell madness;PG;some rude humor and sports action;2015;;Parental Guidance;Robert Vince;David Milchard, John Ratzenberger, Will Sasso, Mason Vale Cotton, John Hennigan, Sean Giambrone, Charles Robinson, Mckenna Grace, Kate Reinders, Fred Willard;United States;May 10, 2015;2015.0;93 min;Children & Family Movies, Comedies, Sports Movies;;;0;['Comedy'];0.65691;['Air Bud Entertainment'];2015-02-21;0.0;92.0;Movie
wiener dog internationals;G;General Audiences. Suitable for all ages.;2015;;Family;;;;;;;;;;;;;;;;;
pup star;G;General Audiences. Suitable for all ages.;2016;;Family;Robert Vince;Makenzie Moss, Jed Rees, David DeLuise, Carla Jimenez, Tom Everett Scott, Diedrich Bader, George Newbern, Bonnie Somerville, John Ratzenberger;Canada;October 29, 2016;2016.0;92 min;Children & Family Movies, Comedies;;;;;;;;;;Movie
precious puppies;TV-G;Suitable for all ages.;2003;;Family;;;;;;;;;;;;;;;;;
beary tales;TV-G;Suitable for all ages.;2013;;Family;;;United States;March 1, 2017;2013.0;52 min;Children & Family Movies, Documentaries, International Movies;;;;;;;;;;Movie
